,PlayerName,SecondsRemaining,CarPositionX,CarPositionY,CarPositionZ,CarRotationX,CarRotationY,CarRotationZ,CarRotationW,CarLinearVelocityX,CarLinearVelocityY,CarLinearVelocityZ,CarAngularVelocityX,CarAngularVelocityY,CarAngularVelocityZ,CarSpeed
356,RLDataCoach,286.0,2194.0,-1006.36,110.82,0.018140087,0.01752508,0.78125876,-0.62369746,-4310.0,-208684.0,-18271.0,-5081.0,1251.0,2026.0,125.71599048219761
358,RLDataCoach,286.0,2189.62,-1215.39,89.05,0.06529617,0.054134253,0.75893223,-0.645622,-4438.0,-209332.0,-24702.0,-16907.0,4377.0,9452.0,126.49868581894437
360,RLDataCoach,286.0,2186.28,-1372.59,68.53,0.11237673,0.090398245,0.73129857,-0.66663486,-4497.0,-209811.0,-29462.0,-14015.0,3759.0,8392.0,127.15030374576381
361,RLDataCoach,286.0,2182.48,-1547.67,41.58,0.14687662,0.1165523,0.7071583,-0.68174034,-4524.0,-210330.0,-34692.0,-5909.0,1694.0,3873.0,127.93191830970095
363,RLDataCoach,286.0,2167.58,-1711.72,21.9,0.014800709,0.062393773,0.7167348,-0.6943912,-27557.0,-225510.0,-20044.0,52396.0,-16632.0,-1727.0,136.8419807756377
365,RLDataCoach,286.0,2147.71,-1937.58,16.67,-0.014978695,-0.0020419306,0.74316406,-0.66893846,-19805.0,-225769.0,-654.0,-2889.0,7635.0,-10044.0,135.98216999562845
366,RLDataCoach,286.0,2132.06,-2087.78,16.69,-0.0037898445,-0.0046098535,0.75570506,-0.65488493,-26782.0,-224876.0,338.0,-640.0,808.0,-3194.0,135.87927675639136
367,RLDataCoach,286.0,2109.19,-2256.02,16.93,-0.0033258921,-0.0038168186,0.7599612,-0.6499487,-32748.0,-223977.0,210.0,-113.0,-200.0,-982.0,135.8151021347773
368,RLDataCoach,286.0,2080.53,-2442.44,17.01,-0.003568658,-0.0032827337,0.76138973,-0.6482763,-35323.0,-223562.0,39.0,-27.0,-68.0,-285.0,135.80120076729807
369,RLDataCoach,286.0,2050.67,-2628.67,17.01,-0.0036441851,-0.0031478638,0.7618077,-0.64778537,-36140.0,-223425.0,27.0,-6.0,-14.0,-83.0,135.79741950213926
371,RLDataCoach,286.0,2020.39,-2814.85,17.01,-0.0036441851,-0.0031262846,0.7621333,-0.64740235,-36622.0,-223339.0,27.0,0.0,0.0,-681.0,135.79297843496914
372,RLDataCoach,286.0,1989.57,-2981.6,17.01,-0.0036927382,-0.0030723365,0.7826052,-0.6224998,-46131.0,-221113.0,27.0,0.0,8.0,-13598.0,135.52435322568414
431,RLDataCoach,282.0,-2005.63,45.95,17.01,-0.0035201048,0.003223391,0.74355006,0.66866326,-25802.0,210647.0,26.0,-6.0,-11.0,-1094.0,127.33281154533579
433,RLDataCoach,282.0,-2021.36,204.34,32.31,-0.0035902371,0.0031802326,0.7276599,0.6859213,-17047.0,211549.0,31609.0,1.0,-80.0,-9631.0,128.74538848735514
435,RLDataCoach,282.0,-2034.14,363.2,56.2,-0.014892378,0.013905172,0.69803274,0.7157759,-17054.0,212025.0,30097.0,-8299.0,-285.0,-12392.0,128.89707840754187
438,RLDataCoach,282.0,-2047.96,585.01,80.7,-0.14670394,0.16904932,0.64237434,0.73297715,-11460.0,228843.0,19981.0,-54162.0,8652.0,-4062.0,137.99959644723603
440,RLDataCoach,282.0,-2057.46,775.91,94.71,-0.31803256,0.38959485,0.56334025,0.6555295,-11400.0,229246.0,14198.0,-53979.0,10406.0,-1719.0,137.9807878626586
442,RLDataCoach,282.0,-2067.91,986.12,96.79,-0.47121298,0.5923299,0.42148358,0.4994549,-11385.0,229368.0,-1390.0,-53951.0,10556.0,-1667.0,137.7927527471601
443,RLDataCoach,282.0,-2074.56,1119.89,95.9,-0.5426889,0.6889089,0.30615857,0.37035152,-11385.0,229368.0,-1538.0,-53950.0,10561.0,-1668.0,137.79331882743807
444,RLDataCoach,282.0,-2085.01,1330.1,94.47,-0.60545766,0.7776866,0.0996558,0.13672353,-11385.0,229368.0,-1545.0,-53950.0,10561.0,-1669.0,137.79334701878753
445,RLDataCoach,282.0,-2094.51,1521.2,93.17,-0.60526884,0.78488356,-0.09813982,-0.08930849,-11385.0,229368.0,-1545.0,-53950.0,10561.0,-1670.0,137.79334701878753
446,RLDataCoach,282.0,-2104.01,1712.3,91.87,-0.55044127,0.72123903,-0.28706092,-0.30728608,-11385.0,229368.0,-1545.0,-53950.0,10561.0,-1671.0,137.79334701878753
448,RLDataCoach,282.0,-2115.41,1941.62,90.31,-0.41981658,0.55986,-0.47822088,-0.5306747,-11385.0,229368.0,-1545.0,-53950.0,10560.0,-1671.0,137.79334701878753
449,RLDataCoach,282.0,-2124.91,2132.72,87.01,0.31552935,-0.4294949,0.56271446,0.6319239,-11385.0,229368.0,-6414.0,-43349.0,8393.0,-1689.0,137.84396010054266
489,RLDataCoach,279.0,642.32,4307.81,119.07,-0.4687206,0.73989135,0.114464514,-0.46878532,223918.0,4955.0,-1332.0,-22823.0,49156.0,9365.0,134.3860666523133
491,RLDataCoach,279.0,810.26,4311.5,117.93,0.40511027,-0.59036833,-0.118872106,0.6879101,223918.0,4955.0,-1542.0,-22823.0,49156.0,9365.0,134.38687504618895
492,RLDataCoach,279.0,996.86,4315.6,115.03,0.33478346,-0.43456063,-0.112576336,0.8284948,223918.0,4955.0,-5873.0,-17304.0,38751.0,9895.0,134.4298826752445
494,RLDataCoach,279.0,1164.8,4319.29,108.6,0.2884258,-0.31973732,-0.10004958,0.89697754,223918.0,4955.0,-10742.0,-12211.0,30084.0,9425.0,134.53816110189703
495,RLDataCoach,279.0,1351.4,4323.39,97.15,0.25064048,-0.21396112,-0.0845341,0.9403478,223918.0,4955.0,-16152.0,-8030.0,23007.0,8223.0,134.73268180764455
496,RLDataCoach,279.0,1538.0,4327.49,81.2,0.22428681,-0.1292949,-0.0701407,0.9633579,223918.0,4955.0,-21562.0,-5153.0,17759.0,6814.0,135.00499003177623
497,RLDataCoach,279.0,1724.6,4331.59,60.75,0.20626271,-0.0623668,-0.05788368,0.97479004,223918.0,4955.0,-26972.0,-3241.0,13792.0,5477.0,135.35461629320218
500,RLDataCoach,279.0,1911.21,4335.66,35.83,0.1936281,-0.009287184,-0.047649708,0.9798731,223981.0,4574.0,-31981.0,-3080.0,11916.0,5129.0,135.779342726646
502,RLDataCoach,279.0,2078.91,4336.44,18.07,0.06598131,0.009912939,-0.0442348,0.9967906,223034.0,-3451.0,-12108.0,-50213.0,836.0,-4096.0,134.03344418300978
503,RLDataCoach,279.0,2281.19,4319.32,16.11,-0.0019502189,0.0057481555,-0.10311382,0.994651,217955.0,-33000.0,1460.0,32.0,-335.0,-16736.0,132.2663407863089
504,RLDataCoach,279.0,2458.94,4278.33,16.86,-2.6973983e-06,0.0050630164,-0.17811798,0.9839961,208717.0,-62604.0,436.0,272.0,-158.0,-18956.0,130.74251535120473
506,RLDataCoach,279.0,2610.3,4220.05,17.01,0.0009629712,0.0047716973,-0.2490922,0.96846753,195606.0,-89695.0,84.0,75.0,-61.0,-19627.0,129.1142386962801
676,RLDataCoach,270.0,-3368.3,-357.01,97.59,0.64183795,-0.6365857,0.30035916,0.3042812,-5366.0,229364.0,-1547.0,-54999.0,58.0,87.0,137.65918566503288
678,RLDataCoach,270.0,-3372.35,-185.02,96.42,0.53718287,-0.53244954,0.45990548,0.46520856,-5366.0,229364.0,-1547.0,-54999.0,58.0,87.0,137.65918566503288
679,RLDataCoach,270.0,-3377.75,44.3,93.26,0.38502535,-0.38111952,0.59122074,0.5974625,-5366.0,229364.0,-5875.0,-45293.0,56.0,115.0,137.7011817949287
681,RLDataCoach,270.0,-3381.8,216.29,86.82,0.29124188,-0.28770828,0.64193195,0.64832515,-5366.0,229364.0,-10744.0,-36405.0,65.0,122.0,137.80691534055902
682,RLDataCoach,270.0,-3386.3,407.47,75.44,0.20298268,-0.19967027,0.674657,0.68100494,-5353.0,229383.0,-15960.0,-28558.0,67.0,112.0,137.99991769301894
684,RLDataCoach,270.0,-3390.31,579.43,61.57,0.1376892,-0.13449548,0.6907712,0.6969847,-5326.0,229019.0,-20532.0,-22952.0,67.0,94.0,137.99951955698972
685,RLDataCoach,270.0,-3394.71,770.14,42.1,0.07904759,-0.07590239,0.699813,0.70586973,-5296.0,228501.0,-25671.0,-18003.0,63.0,74.0,137.99968024919477
686,RLDataCoach,270.0,-3398.17,960.42,20.32,0.017222973,-0.016170945,0.7088914,0.7049219,-2662.0,228266.0,-20844.0,-21980.0,-584.0,2575.0,137.53869681278792
687,RLDataCoach,270.0,-3400.01,1131.6,15.85,-0.0032072065,0.0033204972,0.71224916,0.70191157,-2727.0,228259.0,1256.0,-70.0,-41.0,548.0,136.96724664152373
688,RLDataCoach,270.0,-3402.7,1321.8,16.72,-0.0033636556,0.0033366818,0.713013,0.70113474,-3543.0,228241.0,631.0,-14.0,-10.0,126.0,136.96162175135046
691,RLDataCoach,270.0,-3405.55,1494.03,16.95,-0.0034014191,0.0033420764,0.71344763,0.70069236,-4148.0,229962.0,142.0,-7.0,6.0,798.0,137.99967066743312
693,RLDataCoach,270.0,-3413.87,1686.14,16.99,-0.003482341,0.0032827337,0.74132544,0.6711287,-16515.0,229406.0,32.0,-3.0,2.0,14542.0,137.99981619770367
1029,RLDataCoach,253.0,3290.3,3061.65,17.01,0.0034176037,0.0033690503,-0.6971102,0.716948,14704.0,-200028.0,26.0,0.0,0.0,-4548.0,120.34063016022475
1031,RLDataCoach,253.0,3297.32,2894.86,17.01,0.0034283933,0.0033582607,-0.70433927,0.7098473,4757.0,-200208.0,26.0,0.0,10.0,-1302.0,120.15870453712456
1033,RLDataCoach,253.0,3299.41,2744.44,40.48,-0.0043455088,-0.0042753764,0.7079964,-0.70618963,2194.0,-200711.0,33352.0,2076.0,6.0,-1366.0,122.08499916844819
1035,RLDataCoach,253.0,3301.39,2560.14,69.17,-0.03130883,-0.031125406,0.71131516,-0.70148534,2183.0,-201331.0,28581.0,13494.0,-86.0,-1141.0,122.01676860153279
1037,RLDataCoach,253.0,3302.55,2373.98,88.81,-0.19123277,-0.18855155,0.68817306,-0.674015,1243.0,-229056.0,20534.0,54990.0,-1015.0,-261.0,137.9867489390195
1038,RLDataCoach,253.0,3303.55,2182.91,103.27,-0.38664386,-0.38047215,0.60117424,-0.58680236,1233.0,-229425.0,14714.0,54990.0,-986.0,-297.0,137.93979474973855
1041,RLDataCoach,253.0,3304.55,1991.65,104.37,0.54758644,0.53765017,-0.45950627,0.4471413,1224.0,-229503.0,-1481.0,54986.0,-1195.0,-239.0,137.70662539093752
1042,RLDataCoach,253.0,3305.45,1819.57,103.2,0.6506685,0.6378427,-0.29596236,0.28669408,1224.0,-229438.0,-1569.0,54986.0,-1205.0,-243.0,137.66797768965733
1043,RLDataCoach,253.0,3306.65,1590.13,101.64,0.7132935,0.69803274,-0.04652759,0.042400572,1224.0,-229438.0,-1547.0,54986.0,-1205.0,-243.0,137.66788805832678
1044,RLDataCoach,253.0,3307.45,1437.17,100.6,0.7037572,0.6879659,0.12517327,-0.12554008,1224.0,-229438.0,-1547.0,54986.0,-1204.0,-243.0,137.66788805832678
1045,RLDataCoach,253.0,3308.45,1245.97,99.3,0.63485056,0.6196784,0.32847694,-0.32413948,1224.0,-229438.0,-1547.0,54986.0,-1202.0,-243.0,137.66788805832678
1047,RLDataCoach,253.0,3309.45,1054.77,98.0,0.5087003,0.49549502,0.5021469,-0.49351513,1224.0,-229438.0,-1547.0,54986.0,-1202.0,-244.0,137.66788805832678
1094,RLDataCoach,250.0,3380.29,-3605.68,324.24,-0.05295823,-0.4179176,0.90448093,0.06674198,4910.0,-219080.0,-13984.0,-48781.0,15141.0,20397.0,131.7484513463441
1095,RLDataCoach,250.0,3384.13,-3788.2,310.09,0.013516747,-0.21379389,0.9766562,0.015879668,4353.0,-219022.0,-19401.0,-52143.0,11051.0,13560.0,131.95360624795367
1096,RLDataCoach,250.0,3387.5,-3970.7,291.45,0.052731607,0.011277907,0.9983325,-0.020600114,3793.0,-219023.0,-24776.0,-53756.0,5269.0,10366.0,132.2715092506319
1097,RLDataCoach,250.0,3390.13,-4134.95,270.86,0.0645409,0.21712252,0.9728775,-0.04692141,3295.0,-219046.0,-29584.0,-54048.0,232.0,10181.0,132.63558825187152
1100,RLDataCoach,250.0,3393.07,-4354.02,237.81,0.046139166,0.47517824,0.8750407,-0.07987835,2635.0,-219092.0,-35980.0,-53088.0,-5461.0,13295.0,133.22541391206107
1101,RLDataCoach,250.0,3394.85,-4518.36,208.83,0.023842387,0.6151791,0.7816124,-0.100340895,2140.0,-219144.0,-40774.0,-37139.0,-3637.0,9876.0,133.7491267572241
1102,RLDataCoach,250.0,3362.29,-4662.76,190.06,-0.13861714,0.5945277,0.7538245,-0.2430446,-91900.0,-115091.0,976.0,9272.0,-10857.0,53114.0,88.37024560631252
1104,RLDataCoach,250.0,3268.3,-4758.59,190.39,-0.2281765,0.56084245,0.7362742,-0.3021448,-106078.0,-100760.0,-2258.0,5927.0,-5204.0,2293.0,87.7933856806992
1105,RLDataCoach,250.0,3179.67,-4841.45,183.19,-0.25764835,0.5357404,0.7613704,-0.25867876,-107924.0,-96709.0,-13927.0,16520.0,-6459.0,-12372.0,87.34932995140834
1106,RLDataCoach,250.0,3076.95,-4922.81,162.01,-0.26183477,0.49622333,0.8120783,-0.1604176,-115878.0,-80235.0,-31646.0,15282.0,-11919.0,-15709.0,86.6721451967124
1107,RLDataCoach,250.0,2965.24,-4980.52,124.87,-0.2477219,0.45195347,0.85563976,-0.04746089,-125800.0,-47843.0,-47037.0,23111.0,2665.0,-24523.0,85.54382459581754
1219,RLDataCoach,244.0,-3598.19,1430.08,107.21,-0.5325035,0.669304,0.32379425,0.40451145,43040.0,225123.0,-1668.0,-53612.0,12273.0,145.0,137.52385983195788
1220,RLDataCoach,244.0,-3558.78,1636.26,105.67,-0.60889953,0.7645341,0.13280152,0.16459852,42940.0,224706.0,-1635.0,-53612.0,12274.0,144.0,137.2667081777661
1221,RLDataCoach,244.0,-3523.05,1823.27,104.36,-0.620876,0.77892643,-0.053972453,-0.06981162,42814.0,224175.0,-1546.0,-53612.0,12274.0,143.0,136.93921776218818
1222,RLDataCoach,244.0,-3490.99,1991.21,103.24,-0.58370036,0.7317299,-0.2183903,-0.27599075,42710.0,223731.0,-1465.0,-53612.0,12274.0,142.0,136.66552691501977
1223,RLDataCoach,244.0,-3455.44,2177.49,102.04,-0.49254408,0.61678636,-0.38185322,-0.48079422,42640.0,223434.0,-1403.0,-53612.0,12274.0,142.0,136.48238176189628
1224,RLDataCoach,244.0,-3423.49,2345.07,100.72,0.38452905,-0.4809129,0.4904455,0.6167036,42636.0,223423.0,-2848.0,-49847.0,11410.0,128.0,136.48355047565255
1225,RLDataCoach,244.0,-3387.95,2531.34,96.1,0.28669408,-0.357965,0.5533545,0.6953175,42684.0,223639.0,-7756.0,-39105.0,8947.0,98.0,136.68479585045296
1226,RLDataCoach,244.0,-3355.91,2699.19,88.41,0.21045455,-0.26225016,0.5865866,0.73678344,42757.0,223964.0,-12260.0,-31431.0,7188.0,78.0,137.00293099127478
1228,RLDataCoach,244.0,-3320.23,2886.03,75.86,0.14000356,-0.1738399,0.6072649,0.7625012,42857.0,224412.0,-17371.0,-24655.0,5637.0,58.0,137.47624936780898
1230,RLDataCoach,244.0,-3288.04,3054.51,60.88,0.088429146,-0.10913985,0.61687845,0.7744222,42939.0,224785.0,-22087.0,-19816.0,4530.0,44.0,137.94767205502237
1233,RLDataCoach,244.0,-3245.14,3279.07,35.32,0.034405485,-0.041380957,0.6222301,0.78098243,42821.0,224175.0,-28490.0,-14807.0,3384.0,32.0,137.99967230308917
1235,RLDataCoach,244.0,-3211.05,3446.71,17.16,-0.00086586486,0.0018099542,0.62427473,0.78120226,49008.0,222586.0,-14271.0,-8110.0,1657.0,-4232.0,137.0182113602422
1340,RLDataCoach,238.0,2637.98,-222.29,133.22,0.14526898,0.12698053,0.7372931,-0.6474347,-23877.0,-187498.0,-20945.0,-25325.0,3298.0,9.0,114.1014877066903
1341,RLDataCoach,238.0,2616.08,-394.44,111.17,0.21921031,0.19192874,0.7188289,-0.63118553,-23943.0,-188029.0,-26613.0,-19389.0,2522.0,0.0,114.84386178303131
1342,RLDataCoach,238.0,2600.08,-519.92,91.9,0.2608637,0.22853252,0.7048149,-0.61883676,-23984.0,-188377.0,-30677.0,-15967.0,2074.0,0.0,115.41574284749892
1345,RLDataCoach,238.0,2580.08,-677.07,64.03,0.29964167,0.26270872,0.68932,-0.60500985,-24034.0,-188771.0,-35707.0,-9669.0,1099.0,-143.0,116.16953490722082
1346,RLDataCoach,238.0,2559.64,-836.94,37.24,0.2104977,0.19542457,0.7180744,-0.63393146,-28764.0,-225279.0,-32385.0,54234.0,-8809.0,2442.0,137.6431696609752
1348,RLDataCoach,238.0,2536.5,-1024.77,17.76,-0.004577485,0.012750686,0.7474305,-0.6642018,-26932.0,-225490.0,-13542.0,35054.0,-1420.0,407.0,136.4976375461495
1349,RLDataCoach,238.0,2516.57,-1193.91,16.17,-0.005348941,-0.005877673,0.7481289,-0.66350585,-26685.0,-225516.0,1091.0,-1072.0,400.0,-171.0,136.2551594411015
1350,RLDataCoach,238.0,2494.07,-1381.81,16.82,-0.0038977405,-0.004016426,0.7484036,-0.6632199,-27178.0,-225452.0,442.0,-290.0,-100.0,-49.0,136.25079671957886
1352,RLDataCoach,238.0,2469.06,-1588.5,17.0,-0.0036603694,-0.0033636556,0.7484797,-0.663139,-27326.0,-225430.0,81.0,-64.0,-26.0,-10.0,136.24809952920444
1353,RLDataCoach,238.0,2446.26,-1776.4,17.01,-0.0036064214,-0.0032287857,0.7484854,-0.6631336,-27354.0,-225420.0,27.0,-15.0,-6.0,-1.0,136.2441581874247
1355,RLDataCoach,238.0,2421.18,-1982.98,17.01,-0.0036064214,-0.0032018118,0.7484855,-0.6631336,-27355.0,-225416.0,27.0,-6.0,0.0,0.0,136.2418479454826
1357,RLDataCoach,238.0,2397.64,-2170.67,17.01,-0.0035902371,-0.0032018118,0.7545237,-0.6562552,-30887.0,-224801.0,27.0,0.0,36.0,-8054.0,136.14778351350415
1377,RLDataCoach,236.0,743.61,-3348.36,111.27,-0.15526552,-0.001340607,0.9874153,0.030030219,-202675.0,-24081.0,15852.0,283.0,-8833.0,-2718.0,122.82915367452468
1378,RLDataCoach,236.0,574.48,-3368.41,121.9,-0.18703562,-0.0018800866,0.98152184,0.040361337,-203192.0,-24038.0,10245.0,283.0,-6929.0,-2298.0,122.91915538222672
1379,RLDataCoach,236.0,421.89,-3386.41,127.48,-0.20958056,-0.0023656182,0.9765952,0.04829169,-203647.0,-23991.0,5173.0,283.0,-5569.0,-1974.0,123.07231330742101
1381,RLDataCoach,236.0,217.92,-3410.36,128.98,-0.21978755,-0.003752081,0.97386605,0.057133846,-204241.0,-23917.0,-1612.0,1033.0,3039.0,-1392.0,123.38574757661436
1382,RLDataCoach,236.0,64.56,-3428.27,125.65,-0.18942012,-0.006778604,0.97987974,0.06252864,-204690.0,-23854.0,-6687.0,2012.0,12319.0,-861.0,123.71023053329097
1383,RLDataCoach,236.0,-106.25,-3448.12,117.52,-0.11483676,-0.012529457,0.9910343,0.0671304,-205208.0,-23777.0,-12274.0,3238.0,22613.0,-255.0,124.16712618418774
1385,RLDataCoach,236.0,-277.51,-3467.91,104.77,0.003541684,-0.020939987,0.9973413,0.069709115,-205748.0,-23697.0,-17758.0,4609.0,32888.0,347.0,124.72084106403388
1386,RLDataCoach,236.0,-432.02,-3485.64,89.45,0.13953422,-0.030240659,0.98732597,0.0693045,-206234.0,-23625.0,-22564.0,4934.0,35001.0,741.0,125.28330092921402
1388,RLDataCoach,236.0,-604.11,-3505.3,68.27,0.26564348,-0.0384947,0.96093297,0.067524225,-206733.0,-23554.0,-27759.0,3846.0,27433.0,532.0,125.94839841363604
1390,RLDataCoach,236.0,-793.77,-3526.29,40.42,0.36113173,-0.04220636,0.92950946,0.061762583,-206415.0,-18341.0,-29666.0,2526.0,12958.0,9138.0,125.60454522954174
1393,RLDataCoach,236.0,-994.0,-3526.5,30.71,0.18957661,0.0415428,0.9802417,-0.038224958,-229042.0,2491.0,-6400.0,-11457.0,-53234.0,7731.0,137.4869631063251
1395,RLDataCoach,236.0,-1165.35,-3529.42,24.41,-0.040469233,0.09430947,0.9940226,-0.037243105,-228207.0,-7292.0,-7252.0,-2222.0,-36613.0,2796.0,137.06316741604945
1437,RLDataCoach,233.0,-2763.46,-197.13,46.04,0.15709977,-0.13166861,0.7399497,0.6406696,-11326.0,205057.0,-32534.0,14671.0,1598.0,1112.0,124.7583286404559
1440,RLDataCoach,233.0,-2770.19,-13.33,23.45,0.0693153,-0.005483811,0.73762614,0.67161965,-10653.0,226691.0,-23712.0,-54867.0,3089.0,-2245.0,136.9059521724311
1442,RLDataCoach,233.0,-2781.47,156.41,16.16,-0.0038276082,0.01410478,0.72885895,0.6845079,-16173.0,226237.0,-1183.0,5436.0,-9546.0,-4514.0,136.0904567239011
1443,RLDataCoach,233.0,-2792.84,345.04,16.6,-0.004971305,0.0027486489,0.7208329,0.6930856,-11407.0,226461.0,743.0,288.0,202.0,-1340.0,136.04959477646378
1444,RLDataCoach,233.0,-2800.1,514.94,16.92,-0.0039570834,0.0030831262,0.7189446,0.6950493,-8667.0,226557.0,239.0,61.0,189.0,-408.0,136.03370675402476
1446,RLDataCoach,233.0,-2806.73,703.74,17.01,-0.003568658,0.0032827337,0.7182984,0.6957183,-7540.0,226589.0,44.0,15.0,48.0,-184.0,136.02865229252254
1447,RLDataCoach,233.0,-2808.54,930.14,17.01,-0.0033906295,0.003406814,0.68701106,0.72663105,6078.0,226001.0,29.0,2.0,6.0,-14871.0,135.6496301998645
1448,RLDataCoach,233.0,-2792.61,1117.08,17.01,-0.0030939158,0.003671159,0.63377506,0.7735025,31217.0,222194.0,29.0,2.0,11.0,-18200.0,134.62571523954847
1449,RLDataCoach,233.0,-2747.14,1315.95,17.01,-0.0027378593,0.003940899,0.5643114,0.82554805,65323.0,211465.0,29.0,2.0,5.0,-19381.0,132.79470961676145
1450,RLDataCoach,233.0,-2678.29,1485.25,17.01,-0.0023871975,0.0041566906,0.49495554,0.86890507,96525.0,195516.0,29.0,0.0,3.0,-19796.0,130.82694592445395
1451,RLDataCoach,233.0,-2584.49,1638.79,17.01,-0.0020095618,0.0043401136,0.421257,0.9069287,125175.0,174303.0,29.0,-2.0,0.0,-19983.0,128.756025952186
1454,RLDataCoach,233.0,-2481.04,1760.18,17.01,-0.0016696895,0.0044857734,0.35200372,0.93598634,147590.0,151417.0,29.0,-3.0,0.0,-20067.0,126.86831778974607
1475,RLDataCoach,231.0,-518.32,3061.75,95.11,-0.40432802,-0.117744595,0.41592693,0.80601484,180269.0,115906.0,-20938.0,-2567.0,-6045.0,6182.0,129.20148874823386
1477,RLDataCoach,231.0,-413.08,3129.46,81.61,-0.41351545,-0.13385889,0.4236145,0.79475623,180506.0,116204.0,-24781.0,-1812.0,-4536.0,5182.0,129.6609351373034
1478,RLDataCoach,231.0,-262.51,3226.5,58.44,-0.42188817,-0.15119785,0.43300155,0.7820865,180831.0,116641.0,-30270.0,-1108.0,-2985.0,4049.0,130.3827008583577
1480,RLDataCoach,231.0,-109.03,3319.2,34.62,-0.342552,-0.18118222,0.4520236,0.8034338,219519.0,64923.0,-19722.0,44660.0,30962.0,8471.0,137.85976950017
1482,RLDataCoach,231.0,90.18,3380.21,20.59,-0.056653667,-0.008672178,0.48207277,0.8742545,214309.0,68805.0,-12909.0,24484.0,41713.0,-3059.0,135.27188326965808
1483,RLDataCoach,231.0,212.8,3422.16,16.55,0.0073396205,0.013446615,0.47704482,0.87874544,206992.0,74351.0,-1831.0,5285.0,-44.0,-2613.0,131.96878516285582
1485,RLDataCoach,231.0,380.43,3487.89,16.75,0.0010546828,0.0058668414,0.4641242,0.88575006,196594.0,82479.0,470.0,-788.0,-1318.0,-4412.0,127.91713952289584
1487,RLDataCoach,231.0,571.06,3575.22,17.0,-0.0016103467,0.0044803787,0.44010648,0.89793295,185548.0,91306.0,91.0,-143.0,-160.0,-5219.0,124.0779896660161
1488,RLDataCoach,231.0,735.94,3663.07,17.02,-0.0019178501,0.0043778773,0.42288083,0.9061727,174147.0,100521.0,16.0,-27.0,-22.0,-3103.0,120.64573656022826
1489,RLDataCoach,231.0,873.76,3753.03,17.02,-0.0019448241,0.0043778773,0.41689798,0.9089407,157738.0,114495.0,15.0,-7.0,-4.0,-333.0,116.94672924814955
1492,RLDataCoach,231.0,1020.94,3876.62,17.02,-0.0020095618,0.004361693,0.41663364,0.9090618,140125.0,129668.0,14.0,-24.0,-32.0,-4256.0,114.54942241757485
1493,RLDataCoach,231.0,1136.22,3985.79,17.02,-0.001869297,0.0044210358,0.36453044,0.9311791,139014.0,129951.0,15.0,-1.0,-3.0,-19361.0,114.17694923197064
1511,RLDataCoach,229.0,2595.9,3549.74,40.43,0.0039516883,0.0046691964,-0.6089804,0.7931617,63764.0,-182708.0,33241.0,2022.0,494.0,-7422.0,117.80954551631204
1512,RLDataCoach,229.0,2644.53,3409.46,66.3,0.020902224,0.026021885,-0.628828,0.77682775,65647.0,-190493.0,32978.0,11099.0,2702.0,-6412.0,122.50092918472087
1514,RLDataCoach,229.0,2705.52,3226.73,92.49,0.08506819,0.104904935,-0.64394426,0.7530565,66408.0,-219059.0,22424.0,53839.0,9859.0,-5398.0,137.99961354858934
1516,RLDataCoach,229.0,2760.62,3043.15,106.72,0.27229527,0.32355687,-0.5957038,0.682864,65557.0,-220130.0,12026.0,54403.0,8022.0,-932.0,137.9994284662078
1517,RLDataCoach,229.0,2809.7,2877.81,111.66,0.42171013,0.49493396,-0.5015049,0.5706958,65428.0,-220426.0,729.0,54427.0,7868.0,-845.0,137.95952811009465
1519,RLDataCoach,229.0,2864.2,2694.13,110.59,0.5515418,0.6421081,-0.35377863,0.397919,65408.0,-220360.0,-1665.0,54441.0,7775.0,-843.0,137.92107519897024
1520,RLDataCoach,229.0,2924.14,2492.32,109.05,0.63666666,0.736676,-0.15494724,0.16719891,65339.0,-219953.0,-1639.0,54441.0,7771.0,-844.0,137.67508722481347
1521,RLDataCoach,229.0,2978.54,2309.27,107.73,0.65395164,0.7531076,0.041078847,-0.05906514,65259.0,-219418.0,-1551.0,54441.0,7771.0,-844.0,137.35335637020304
1523,RLDataCoach,229.0,3054.61,2053.72,106.0,0.5797351,0.66284406,0.30534396,-0.36236718,65167.0,-218768.0,-1432.0,54441.0,7772.0,-844.0,136.96335817042456
1524,RLDataCoach,229.0,3092.62,1926.16,105.16,0.50291836,0.5722382,0.42,-0.49316987,65148.0,-218614.0,-1398.0,54441.0,7772.0,-844.0,136.871425175016
1525,RLDataCoach,229.0,3146.92,1743.96,103.56,-0.37418723,-0.42173713,-0.5378606,0.62675965,65161.0,-218663.0,-3340.0,49405.0,7051.0,-764.0,136.9139250492805
1526,RLDataCoach,229.0,3195.79,1579.87,99.21,-0.28008002,-0.31230864,-0.5923213,0.6878764,65200.0,-218907.0,-7780.0,39711.0,5666.0,-612.0,137.1257215027144
1663,RLDataCoach,222.0,-3431.0,-1198.7,94.9,0.445798,-0.48046514,0.5139291,0.5534386,7314.0,227507.0,-1875.0,-53533.0,3986.0,-20.0,136.57935531111573
1665,RLDataCoach,222.0,-3424.29,-990.07,90.5,0.32689625,-0.35240835,0.5966803,0.6425884,7325.0,227707.0,-7258.0,-40990.0,3049.0,-9.0,136.76422168710644
1666,RLDataCoach,222.0,-3419.41,-838.16,84.16,0.25120693,-0.2708873,0.63230765,0.6809568,7341.0,227981.0,-11244.0,-33756.0,2507.0,-4.0,137.02567461640172
1667,RLDataCoach,222.0,-3413.31,-647.97,72.46,0.1712558,-0.18479139,0.6585157,0.70914084,7371.0,228421.0,-16325.0,-26480.0,1962.0,-1.0,137.47333044092588
1668,RLDataCoach,222.0,-3406.52,-438.31,54.64,0.10094516,-0.10909669,0.67293596,0.72461385,7400.0,228823.0,-22019.0,-20274.0,1499.0,0.0,137.9994282901201
1669,RLDataCoach,222.0,-3400.94,-266.81,36.19,0.055218607,-0.059868965,0.67824453,0.73030883,7400.0,228328.0,-26669.0,-16295.0,1202.0,0.0,137.99957105802903
1670,RLDataCoach,222.0,-3390.68,-38.73,15.76,-0.004539721,0.0048741987,0.6906256,0.7231818,11253.0,227987.0,-5780.0,-12149.0,681.0,1463.0,137.00262701160148
1671,RLDataCoach,222.0,-3382.78,132.27,16.32,-0.0042969557,0.004539721,0.6925407,0.72135174,9961.0,228038.0,1185.0,481.0,-37.0,354.0,136.95511625492492
1673,RLDataCoach,222.0,-3374.89,322.3,16.88,-0.0035794475,0.0037358967,0.6930856,0.7208367,9196.0,228064.0,335.0,132.0,-9.0,91.0,136.94974269899157
1675,RLDataCoach,222.0,-3366.91,512.25,32.29,-0.0033636556,0.0034553672,0.68959516,0.724179,10351.0,227576.0,31654.0,71.0,-28.0,-2547.0,137.99994090390038
1678,RLDataCoach,222.0,-3358.31,701.81,59.35,-0.016575597,0.017341658,0.6803323,0.73251104,10355.0,227568.0,30733.0,-9257.0,517.0,-3402.0,137.92033083516006
1680,RLDataCoach,222.0,-3350.19,872.8,79.56,-0.06605684,0.07414364,0.6665809,0.73878896,12490.0,228692.0,21064.0,-51894.0,8402.0,-4699.0,137.99963877344027
1683,RLDataCoach,221.0,-3339.79,1063.6,94.53,-0.23868021,0.30712426,0.6090614,0.6911951,12537.0,229141.0,15393.0,-53797.0,11249.0,-2055.0,137.9996330851644
1684,RLDataCoach,221.0,-3329.29,1254.69,102.37,-0.38726425,0.51560694,0.5005932,0.57756585,12548.0,229402.0,722.0,-53684.0,11826.0,-1767.0,137.84763483324622
1685,RLDataCoach,221.0,-3319.91,1426.76,101.44,-0.4907854,0.6644239,0.36483264,0.42961353,12502.0,229372.0,-1650.0,-53672.0,11880.0,-1769.0,137.83103162814967
1686,RLDataCoach,221.0,-3309.54,1617.78,100.04,-0.5633888,0.77242917,0.18321066,0.228867,12386.0,229058.0,-1655.0,-53671.0,11883.0,-1770.0,137.63916222718007
1687,RLDataCoach,221.0,-3299.29,1808.44,98.7,-0.58515155,0.8107522,-0.014924747,0.0074690958,12220.0,228561.0,-1572.0,-53671.0,11883.0,-1770.0,137.3357015120249
1688,RLDataCoach,221.0,-3289.19,1998.66,97.43,-0.5541259,0.7759246,-0.21173307,-0.21460311,12042.0,228060.0,-1480.0,-53671.0,11882.0,-1770.0,137.02949666053655
1689,RLDataCoach,221.0,-3280.22,2169.56,96.35,-0.48327583,0.6845107,-0.37300575,-0.3984423,11906.0,227755.0,-1417.0,-53671.0,11882.0,-1770.0,136.84223131036703
1691,RLDataCoach,221.0,-3270.34,2359.29,95.11,0.36693123,-0.5294069,0.5164647,0.5642287,11813.0,227690.0,-1878.0,-52376.0,11581.0,-1816.0,136.80238149637597
1692,RLDataCoach,221.0,-3261.52,2530.12,91.87,0.2790928,-0.412744,0.58192,0.6427431,11779.0,227860.0,-6284.0,-42064.0,9101.0,-2014.0,136.95046080579647
1693,RLDataCoach,221.0,-3251.72,2720.15,84.35,0.19274874,-0.29997072,0.62354106,0.69574565,11781.0,228207.0,-11270.0,-33003.0,6855.0,-1921.0,137.27318126859302
1696,RLDataCoach,221.0,-3241.92,2910.52,72.63,0.12052287,-0.20710973,0.6450016,0.7256396,11810.0,228649.0,-16373.0,-25909.0,5132.0,-1672.0,137.72309143640362
1698,RLDataCoach,221.0,-3233.04,3082.12,58.37,0.067108825,-0.13934004,0.65417284,0.7403639,11825.0,228724.0,-21103.0,-20841.0,3952.0,-1412.0,137.9997853172243
1864,RLDataCoach,212.0,137.5,-3441.08,146.54,0.02447358,-0.006028727,0.996693,0.07725104,-183211.0,20569.0,-10118.0,4555.0,29253.0,43.0,110.78367277789629
1865,RLDataCoach,212.0,-0.11,-3425.61,136.94,0.12239495,-0.013565258,0.98939806,0.0769867,-183695.0,20641.0,-14920.0,3657.0,23512.0,19.0,111.2713067693554
1866,RLDataCoach,212.0,-153.43,-3408.38,122.09,0.20788115,-0.020093003,0.9749754,0.07618827,-184210.0,20719.0,-20155.0,2863.0,18445.0,0.0,111.87840287991244
1868,RLDataCoach,212.0,-307.17,-3391.08,102.92,0.27387056,-0.02509398,0.95849234,0.0752172,-184692.0,20789.0,-25309.0,2238.0,14470.0,-6.0,112.54417191378681
1869,RLDataCoach,212.0,-492.15,-3370.23,74.3,0.33344015,-0.029577099,0.9393947,0.07403035,-185223.0,20868.0,-31418.0,1664.0,10812.0,-6.0,113.41448141979048
1871,RLDataCoach,212.0,-646.7,-3352.83,45.81,0.37072915,-0.032339234,0.9252912,0.0731456,-185632.0,20928.0,-36463.0,1298.0,8480.0,-6.0,114.19998928073504
1873,RLDataCoach,212.0,-785.85,-3335.59,31.57,0.2964155,-0.022666322,0.95298606,0.05866597,-185507.0,23753.0,-5828.0,-8691.0,-49128.0,7642.0,112.26738774515063
1876,RLDataCoach,212.0,-944.5,-3307.11,24.87,0.05818583,0.047903266,0.9954934,0.05755464,-224908.0,41373.0,-11283.0,-22847.0,-50024.0,752.0,137.37594507598482
1878,RLDataCoach,212.0,-1132.28,-3275.65,20.24,-0.030159736,0.056410942,0.9944178,0.0839137,-225224.0,37648.0,-2836.0,14058.0,710.0,-11134.0,137.01990874088332
1879,RLDataCoach,212.0,-1318.41,-3238.19,17.08,-0.009044418,0.006239082,0.98883915,0.14858139,-220658.0,54237.0,-2682.0,7636.0,2273.0,-17855.0,136.3450306117535
1881,RLDataCoach,212.0,-1479.69,-3186.61,16.63,-0.004442615,-0.0010870515,0.9760291,0.21759187,-209697.0,80989.0,444.0,-319.0,129.0,-19109.0,134.8762727234112
1883,RLDataCoach,212.0,-1646.57,-3105.18,16.94,-0.0045613004,0.0007525741,0.95527196,0.2956926,-191725.0,111105.0,221.0,-226.0,53.0,-19597.0,132.95497123748322
1909,RLDataCoach,210.0,-2476.37,-1012.23,118.68,0.07472088,0.091218255,0.772163,0.62438804,-44628.0,204425.0,8910.0,-4731.0,34316.0,-588.0,125.65757342571914
1911,RLDataCoach,210.0,-2513.61,-841.63,123.63,0.1688551,0.18702479,0.75149083,0.60973036,-44738.0,204965.0,3496.0,-3005.0,27431.0,-722.0,125.89189917782636
1913,RLDataCoach,210.0,-2547.2,-687.71,124.24,0.2315482,0.2495723,0.72937953,0.593384,-44831.0,205451.0,-1363.0,-2654.0,23291.0,-529.0,126.17386537298442
1914,RLDataCoach,210.0,-2592.1,-481.91,119.38,0.29192162,0.30908257,0.7012107,0.57232267,-44948.0,206099.0,-7826.0,-1436.0,14463.0,-537.0,126.6531169816203
1915,RLDataCoach,210.0,-2625.85,-327.13,111.48,0.32109687,0.3365853,0.68508476,0.5605943,-45029.0,206585.0,-12668.0,-878.0,10047.0,-523.0,127.08879755666902
1916,RLDataCoach,210.0,-2663.42,-154.73,98.46,0.34319943,0.356476,0.67178684,0.55121815,-45115.0,207125.0,-18048.0,-493.0,6703.0,-484.0,127.64900820390261
1918,RLDataCoach,210.0,-2701.05,18.12,80.96,0.35809445,0.36914307,0.66230625,0.54484147,-45195.0,207665.0,-23418.0,-262.0,4474.0,-431.0,128.28744081413424
1920,RLDataCoach,210.0,-2738.75,191.42,58.98,0.36820978,0.37718132,0.65566796,0.5406065,-45275.0,208205.0,-28788.0,-124.0,2986.0,-371.0,129.00404169575464
1921,RLDataCoach,210.0,-2815.07,366.82,34.87,0.2599196,0.29493192,0.6897739,0.60800403,-128633.0,170933.0,-20420.0,3033.0,-54617.0,-5721.0,128.93930978596092
1923,RLDataCoach,210.0,-2889.56,466.63,25.6,0.11845127,0.12395405,0.7281582,0.66361916,-126701.0,171260.0,-13316.0,7215.0,-54441.0,-3007.0,128.06935960064763
1924,RLDataCoach,210.0,-2991.71,609.88,17.05,-0.0049874894,-0.010964966,0.7360498,0.6768203,-118181.0,172571.0,-4489.0,-5210.0,-11001.0,438.0,125.52431625896234
1927,RLDataCoach,210.0,-3094.17,768.97,16.72,-0.006508864,0.00039651754,0.742852,0.66942394,-106388.0,174312.0,438.0,-178.0,1884.0,2900.0,122.52827356785859
1963,RLDataCoach,207.0,-1640.82,3446.55,110.43,-0.57978904,0.018291142,0.27886623,0.765339,145505.0,95628.0,-20239.0,-16174.0,-11044.0,13621.0,105.17306285736855
1965,RLDataCoach,207.0,-1519.36,3526.34,91.0,-0.629006,-0.022725664,0.29142532,0.72035146,145965.0,95860.0,-25842.0,-8558.0,-6569.0,8998.0,105.9178111747028
1967,RLDataCoach,207.0,-1397.51,3606.34,66.9,-0.6105827,-0.032403972,0.30236605,0.73124105,146417.0,96114.0,-31437.0,15976.0,7635.0,-1999.0,106.7664956221754
1968,RLDataCoach,207.0,-1264.75,3635.41,51.34,-0.40173313,-0.018156271,0.29396087,0.8671031,186388.0,22849.0,-21265.0,46956.0,26157.0,-11656.0,113.39010047266031
1970,RLDataCoach,207.0,-1109.43,3654.68,31.09,-0.102741584,0.06422261,0.2845739,0.9509665,186236.0,23435.0,-26152.0,47467.0,26083.0,-9565.0,113.71064439620416
1972,RLDataCoach,207.0,-954.68,3675.24,25.09,0.13403693,0.07514707,0.26489362,0.951955,185087.0,25957.0,-595.0,33893.0,433.0,-6821.0,112.13953040511628
1974,RLDataCoach,207.0,-785.98,3700.79,25.88,0.18528765,0.05497584,0.24577977,0.9498623,182999.0,29736.0,742.0,-2265.0,-1161.0,-4287.0,111.24041142480549
1975,RLDataCoach,207.0,-635.06,3728.51,25.06,0.14784768,0.044892967,0.23254094,0.9602346,179266.0,36775.0,-2417.0,-12963.0,-6509.0,-2943.0,109.80908367343751
1977,RLDataCoach,207.0,-474.22,3769.14,21.21,0.060484014,0.020929197,0.23002148,0.97107863,170998.0,53277.0,-5472.0,-20514.0,-11241.0,1064.0,107.51339965846117
1978,RLDataCoach,207.0,-363.08,3810.32,17.8,0.0022037744,0.005483811,0.23620939,0.9716842,163716.0,67636.0,-3820.0,-9588.0,-5106.0,2103.0,106.30697925686722
1979,RLDataCoach,207.0,-229.35,3871.85,16.71,-0.005893857,0.0033852349,0.24341145,0.9698993,158406.0,77749.0,102.0,1510.0,800.0,1412.0,105.8747192051058
1980,RLDataCoach,207.0,-111.66,3932.2,16.88,-0.0022846963,0.004307745,0.24707991,0.9689828,155995.0,82202.0,243.0,419.0,244.0,709.0,105.79697744302527
2068,RLDataCoach,202.0,3741.53,-863.02,28.44,0.13746801,0.13051951,0.78479403,-0.59005547,-72446.0,-194666.0,-10385.0,48532.0,-25645.0,3450.0,124.78142558457968
2070,RLDataCoach,202.0,3690.92,-1010.08,20.66,-0.05868211,0.04110582,0.7997451,-0.5960491,-64293.0,-197021.0,-7572.0,24830.0,-11165.0,490.0,124.4305099669691
2072,RLDataCoach,202.0,3629.58,-1208.03,17.48,-0.017676136,0.0013244225,0.8059112,-0.591771,-60125.0,-198307.0,-2621.0,-1674.0,10481.0,-874.0,124.34274625164107
2073,RLDataCoach,202.0,3589.02,-1340.07,16.68,-0.0027054904,-0.005456837,0.8071622,-0.59029824,-61543.0,-197854.0,-228.0,-673.0,1394.0,-364.0,124.32283512549091
2074,RLDataCoach,202.0,3542.28,-1488.27,16.86,-0.002667727,-0.004199849,0.80766666,-0.58961844,-62783.0,-197455.0,277.0,-131.0,-514.0,-138.0,124.3177106589403
2075,RLDataCoach,202.0,3489.75,-1652.74,17.0,-0.0035524736,-0.0031802326,0.807849,-0.58937025,-63179.0,-197325.0,79.0,-37.0,-173.0,-38.0,124.31552295075623
2076,RLDataCoach,202.0,3437.05,-1817.14,17.01,-0.003800634,-0.002905098,0.8079,-0.58930016,-63264.0,-197293.0,27.0,-7.0,-40.0,-8.0,124.31279265884102
2078,RLDataCoach,202.0,3384.35,-1981.54,17.01,-0.003859977,-0.002845755,0.80789995,-0.58930016,-63278.0,-197282.0,27.0,-1.0,-8.0,0.0,124.30907317376312
2080,RLDataCoach,202.0,3336.58,-2129.38,17.01,-0.003859977,-0.002845755,0.81054753,-0.58565325,-65376.0,-196465.0,27.0,10.0,31.0,-5769.0,124.23407986055999
2082,RLDataCoach,202.0,3263.15,-2322.4,17.01,-0.004016426,-0.0026191736,0.84812206,-0.52977914,-82591.0,-188736.0,28.0,-3.0,-9.0,-17002.0,123.60954103126505
2083,RLDataCoach,202.0,3175.08,-2488.07,17.01,-0.0042537972,-0.0022253536,0.8897042,-0.45651215,-107862.0,-172777.0,28.0,-4.0,-6.0,-19140.0,122.20882652460091
2085,RLDataCoach,202.0,3074.29,-2622.85,17.01,-0.0044210358,-0.0018477178,0.9238691,-0.38267863,-131350.0,-151909.0,28.0,-1.0,-3.0,-19757.0,120.49273971239926
2104,RLDataCoach,200.0,1346.89,-3907.45,101.12,0.07961404,0.012211206,0.96255016,-0.2588622,-165326.0,-118724.0,-20986.0,-14636.0,25178.0,37.0,122.77074241560973
2105,RLDataCoach,200.0,1208.91,-4006.51,81.21,0.18138182,0.039773308,0.94913036,-0.25430357,-165786.0,-118990.0,-26255.0,-11488.0,19746.0,-5.0,123.4498256441053
2108,RLDataCoach,200.0,1070.56,-4105.78,56.96,0.25945565,0.0610181,0.9312068,-0.24862286,-166214.0,-119237.0,-31425.0,-8743.0,14997.0,-33.0,124.17548539224639
2110,RLDataCoach,200.0,945.16,-4194.19,33.76,0.28734684,0.07106321,0.9212851,-0.2522212,-169364.0,-114248.0,-24232.0,5032.0,-7544.0,9323.0,123.43672685485465
2113,RLDataCoach,200.0,743.05,-4299.17,22.25,-0.031022904,0.09589015,0.95746857,-0.27036393,-198647.0,-110464.0,-7877.0,10423.0,-40926.0,1221.0,136.45874941622466
2115,RLDataCoach,200.0,577.68,-4391.29,19.85,-0.043430977,0.043975852,0.9701534,-0.23448302,-199341.0,-108563.0,-3663.0,14862.0,13228.0,-13754.0,136.20948445258867
2116,RLDataCoach,200.0,425.41,-4466.16,16.91,-0.009610872,0.00084428565,0.9850807,-0.17182225,-206675.0,-90188.0,-2466.0,4941.0,6154.0,-18645.0,135.3056701140052
2117,RLDataCoach,200.0,249.06,-4526.48,16.7,-0.003930109,-0.0024681194,0.9957102,-0.092410505,-215005.0,-56957.0,503.0,-508.0,-228.0,-19468.0,133.45314173102108
2119,RLDataCoach,200.0,49.93,-4559.22,16.98,-0.004647617,-0.00051520305,0.9999861,-0.0024465402,-218001.0,-17875.0,140.0,-182.0,-60.0,-19796.0,131.23958869700863
2121,RLDataCoach,200.0,-130.02,-4558.56,17.02,-0.004782487,0.00027783203,0.9974407,0.07133835,-209619.0,13706.0,21.0,-86.0,-31.0,-12220.0,126.03996514471115
2123,RLDataCoach,200.0,-289.92,-4539.5,17.02,-0.004895778,0.0005637562,0.9951732,0.0980103,-177596.0,27969.0,12.0,-5.0,-15.0,-3410.0,107.87093007645757
2124,RLDataCoach,200.0,-411.72,-4517.37,17.02,-0.004922752,0.0005799406,0.9944425,0.10516389,-150456.0,29611.0,12.0,7.0,-7.0,-1099.0,92.00529867545673
2158,RLDataCoach,197.0,171.61,-4397.66,33.47,-0.08791124,0.03746433,0.99516076,-0.022871325,117283.0,7789.0,-25553.0,-1784.0,54939.0,-1856.0,72.17211033938248
2161,RLDataCoach,197.0,300.54,-4391.88,17.75,0.03492878,2.6973983e-06,0.9991921,-0.019877212,120856.0,4354.0,-3029.0,3626.0,-16589.0,-1130.0,72.58339866305518
2163,RLDataCoach,197.0,392.25,-4388.2,16.5,-0.0021821952,-0.0019070606,0.9999291,-0.011552999,123392.0,5061.0,-441.0,-325.0,-4142.0,-3297.0,74.09792029308245
2164,RLDataCoach,197.0,496.32,-4384.83,16.77,-0.005365125,-0.00021848927,0.99996173,0.006902642,126069.0,2639.0,440.0,-144.0,123.0,-4948.0,75.65843142386709
2166,RLDataCoach,197.0,591.79,-4384.59,16.96,-0.004992884,8.9014145e-05,0.9996482,0.02604886,128197.0,-1684.0,146.0,-17.0,62.0,-5159.0,76.9248859158075
2168,RLDataCoach,197.0,699.52,-4388.81,17.01,-0.0048526195,0.00022388405,0.99909025,0.042368203,130058.0,-8052.0,31.0,-11.0,16.0,-1839.0,78.18421100478024
2170,RLDataCoach,197.0,797.54,-4396.89,27.08,-0.004820251,0.0002832268,0.99938774,0.034653645,131116.0,-12321.0,30799.0,-50.0,5.0,5574.0,81.14828848028772
2173,RLDataCoach,197.0,929.16,-4409.14,60.9,-0.024279365,0.0007741533,0.99964744,0.010716763,131874.0,-12217.0,34428.0,-343.0,-9337.0,3039.0,82.104237976124
2174,RLDataCoach,197.0,1028.27,-4418.32,84.7,-0.07417605,0.0014754769,0.9972429,0.001497056,132369.0,-12220.0,29596.0,-370.0,-13887.0,2250.0,81.71199030570727
2175,RLDataCoach,197.0,1138.83,-4428.52,106.92,-0.1246877,0.002166011,0.99216837,-0.0070807124,132910.0,-12213.0,24284.0,-317.0,-10892.0,1908.0,81.3966690043272
2176,RLDataCoach,197.0,1238.71,-4437.7,123.16,-0.16055787,0.0027108851,0.986928,-0.013673154,133386.0,-12199.0,19546.0,-285.0,-8752.0,1641.0,81.21679146999098
2177,RLDataCoach,197.0,1361.26,-4448.9,138.2,-0.19717248,0.0032557596,0.98014885,-0.020508403,133954.0,-12174.0,13797.0,-165.0,-9175.0,1396.0,81.12709495821971
2178,RLDataCoach,196.0,1473.12,-4459.0,147.32,-0.2567744,0.0029644407,0.9661228,-0.025784515,134451.0,-12144.0,8615.0,351.0,-19143.0,1372.0,81.16375971035346
2179,RLDataCoach,196.0,1619.12,-4472.13,152.78,-0.34726706,0.0019610086,0.93723947,-0.03136817,135034.0,-12098.0,1982.0,254.0,-15119.0,1096.0,81.35360834185536
2180,RLDataCoach,196.0,1731.84,-4482.22,152.12,-0.39853403,0.0014916612,0.9164927,-0.034777682,135431.0,-12058.0,-3049.0,154.0,-11860.0,901.0,81.60054601140853
2181,RLDataCoach,196.0,1822.24,-4490.22,148.58,-0.4308274,0.0012704746,0.9016715,-0.037075866,135719.0,-12026.0,-7045.0,91.0,-9765.0,769.0,81.85966844741066
2182,RLDataCoach,196.0,1969.52,-4503.22,137.18,-0.4707814,0.0011194203,0.8813353,-0.040145546,136140.0,-11974.0,-13502.0,17.0,-7120.0,592.0,82.39854914256681
2183,RLDataCoach,196.0,2060.37,-4511.22,126.7,-0.48945287,0.0011248151,0.87103146,-0.04169925,136376.0,-11942.0,-17458.0,-11.0,-5862.0,503.0,82.8039270894805
2184,RLDataCoach,196.0,2162.76,-4520.14,111.76,-0.5063441,0.0011733682,0.861248,-0.043199003,136623.0,-11898.0,-21899.0,-31.0,-4709.0,417.0,83.32652749418997
2185,RLDataCoach,196.0,2276.73,-4530.04,91.25,-0.51808316,0.0014377133,0.8541654,-0.04460165,136879.0,-11848.0,-26823.0,-296.0,-351.0,177.0,83.99080465527165
2186,RLDataCoach,196.0,2379.48,-4538.91,69.29,-0.5024544,0.0029158876,0.86339515,-0.045605082,137109.0,-11803.0,-31254.0,-952.0,8955.0,-308.0,84.67231208700987
2187,RLDataCoach,196.0,2499.6,-4546.68,48.92,-0.2933513,-0.044941522,0.9542137,-0.037437316,183119.0,-2567.0,-25055.0,154.0,54749.0,-5245.0,110.90576109021568
2190,RLDataCoach,196.0,2636.74,-4546.22,27.47,-0.04629022,-0.04489836,0.99778825,-0.016122391,182812.0,1422.0,-31767.0,-859.0,54961.0,-524.0,111.33418620585502
2192,RLDataCoach,196.0,2804.22,-4542.15,15.65,0.0011194203,0.001971798,0.99956995,-0.029237226,182632.0,6461.0,362.0,-1602.0,-3910.0,5337.0,109.64796521614069
2194,RLDataCoach,195.0,2971.42,-4532.96,16.66,-0.0036010267,0.0008766544,0.998823,-0.048361823,182142.0,13237.0,724.0,378.0,-401.0,3111.0,109.57427701445262
2197,RLDataCoach,195.0,3122.97,-4519.52,16.96,-0.0044803787,-1.34869915e-05,0.9982165,-0.059529092,181629.0,18246.0,162.0,109.0,-98.0,2505.0,109.52594717399161
2199,RLDataCoach,195.0,3273.06,-4500.44,23.46,-0.059302513,0.07560563,0.99315727,-0.06637513,178065.0,27548.0,17081.0,-33317.0,-26564.0,821.0,108.59469117963363
2201,RLDataCoach,195.0,3399.88,-4474.67,50.18,-0.17046271,0.1985967,0.9622198,-0.075066194,157213.0,39989.0,49444.0,-30821.0,-29403.0,3079.0,101.75221071485375
2202,RLDataCoach,195.0,3513.03,-4438.7,94.56,-0.25294948,0.31122428,0.9126044,-0.07943058,119762.0,43947.0,53014.0,-21305.0,-14955.0,-1379.0,82.88856057164944
2203,RLDataCoach,195.0,3587.76,-4403.92,134.05,-0.30890453,0.38450205,0.8659638,-0.082721405,85463.0,46343.0,49368.0,-16948.0,-14482.0,1843.0,65.4214573295337
2205,RLDataCoach,195.0,3650.21,-4365.63,171.97,-0.3521494,0.44866803,0.8171784,-0.08310988,55145.0,36297.0,33684.0,-8672.0,-5429.0,-1507.0,44.46908850426327
2206,RLDataCoach,195.0,3683.27,-4339.93,193.22,-0.3731838,0.48368043,0.7871572,-0.08467976,29450.0,24004.0,18071.0,-7706.0,-5319.0,-477.0,25.24321692098691
2208,RLDataCoach,195.0,3697.21,-4328.14,200.61,-0.37858936,0.49973541,0.77447313,-0.08441541,9813.0,9095.0,3403.0,-2477.0,-657.0,-590.0,8.283355906877356
2210,RLDataCoach,195.0,3695.73,-4327.62,196.37,-0.37082085,0.49807382,0.7788914,-0.08799217,-9652.0,-5194.0,-10368.0,2375.0,4461.0,98.0,9.052529980066344
2213,RLDataCoach,195.0,3678.03,-4339.4,181.98,-0.34880462,0.4799958,0.79903287,-0.09739534,-27082.0,-19161.0,-19799.0,4807.0,8852.0,547.0,23.180346342537682
2215,RLDataCoach,195.0,3633.92,-4343.73,169.47,-0.31629544,0.4549854,0.8246522,-0.113552794,-61328.0,-4146.0,-16381.0,9373.0,14611.0,1522.0,38.16797115331125
2442,RLDataCoach,183.0,-811.43,-3759.69,97.9,0.5481701,0.65395,0.2967176,-0.4287396,87247.0,-210629.0,-1421.0,53228.0,13753.0,-1596.0,136.79293914804228
2444,RLDataCoach,183.0,-746.0,-3917.59,96.82,-0.4418382,-0.5200145,-0.42212555,0.59680307,87257.0,-210505.0,-1391.0,53228.0,13753.0,-1595.0,136.72639329624693
2445,RLDataCoach,183.0,-687.82,-4057.95,94.74,-0.35539705,-0.4119024,-0.4876348,0.6828189,87316.0,-210590.0,-4805.0,44867.0,11669.0,-1632.0,136.8148939010662
2446,RLDataCoach,183.0,-607.71,-4251.13,87.62,-0.2540878,-0.2842664,-0.540736,0.74982435,87446.0,-210902.0,-10261.0,34285.0,9095.0,-1503.0,137.1255923260133
2447,RLDataCoach,183.0,-534.77,-4427.06,76.74,-0.1781018,-0.18780707,-0.5675105,0.7816266,87592.0,-211312.0,-15336.0,26845.0,7272.0,-1291.0,137.55621604798526
2448,RLDataCoach,183.0,-461.71,-4603.36,61.59,-0.116822086,-0.109490514,-0.5819686,0.79729354,87689.0,-211636.0,-20506.0,21021.0,5812.0,-1061.0,137.99954772056319
2450,RLDataCoach,183.0,-395.99,-4761.99,44.27,-0.07255761,-0.05260757,-0.58865273,0.80340266,87475.0,-211222.0,-25160.0,16871.0,4741.0,-869.0,137.99952327178522
2451,RLDataCoach,183.0,-331.79,-4920.73,23.95,-0.02976052,-0.004712355,-0.5878975,0.8083741,80355.0,-213107.0,-25805.0,18880.0,1452.0,2867.0,137.52625312877538
2453,RLDataCoach,183.0,-274.15,-5100.86,15.79,0.0036927382,0.0042699813,-0.6146234,0.7888005,61018.0,-218209.0,926.0,-40.0,-863.0,-13848.0,135.94896002971115
2454,RLDataCoach,183.0,-235.4,-5265.93,16.61,0.003671159,0.0035201048,-0.64999187,0.7599242,44884.0,-221309.0,794.0,-109.0,63.0,-7194.0,135.48961530050926
2455,RLDataCoach,183.0,-204.2,-5451.11,19.82,-0.013484336,-0.010409302,-0.66152596,0.74972874,32672.0,-222602.0,8912.0,-663.0,549.0,-1929.0,135.09800939880645
2456,RLDataCoach,183.0,-181.95,-5618.23,27.05,-0.0124539295,-0.009788901,-0.6645039,0.7471169,27914.0,-222961.0,9520.0,274.0,-141.0,-599.0,134.94189325083593
2593,RLDataCoach,175.0,-2366.74,-4141.92,143.13,-0.02547701,0.26164055,0.034686014,0.9642054,198359.0,15701.0,6559.0,-1243.0,8984.0,-850.0,119.4525031746091
2594,RLDataCoach,175.0,-2232.24,-4131.32,144.5,-0.027262688,0.2829177,0.03205327,0.9582207,204346.0,16050.0,-1487.0,-655.0,3381.0,-514.0,122.98844050804124
2596,RLDataCoach,175.0,-2076.22,-4119.14,139.56,-0.02766734,0.27656803,0.03138431,0.9600831,210995.0,16403.0,-10674.0,335.0,-5898.0,182.0,127.14038609191022
2598,RLDataCoach,175.0,-1900.18,-4105.44,128.06,-0.02634018,0.22977331,0.032894857,0.9723314,211472.0,16423.0,-16366.0,1249.0,-16227.0,728.0,127.64352063790781
2599,RLDataCoach,175.0,-1741.38,-4093.11,113.66,-0.023540279,0.15080403,0.03593221,0.98762995,211928.0,16449.0,-21431.0,2075.0,-25523.0,1282.0,128.18580434884356
2600,RLDataCoach,175.0,-1564.52,-4079.41,93.26,-0.01846917,0.020929197,0.040798318,0.9987774,212466.0,16485.0,-26950.0,2958.0,-35853.0,1877.0,128.88114368347294
2602,RLDataCoach,175.0,-1369.46,-4064.26,65.59,-0.011428919,-0.14691435,0.046241667,0.98800164,213064.0,16535.0,-32835.0,2721.0,-33003.0,1765.0,129.7274533649682
2604,RLDataCoach,175.0,-1151.42,-4050.06,32.67,0.0063469782,-0.19314791,0.044774283,0.980127,227459.0,10372.0,-26714.0,7089.0,54540.0,-185.0,137.5542534055563
2606,RLDataCoach,175.0,-981.01,-4040.14,16.63,0.019958135,0.024074364,0.03841382,0.99877244,227038.0,15386.0,-10081.0,-9346.0,12037.0,-894.0,136.66915979971483
2608,RLDataCoach,175.0,-791.89,-4026.38,16.24,-2.967138e-05,0.008030155,0.034756146,0.99936354,226947.0,16564.0,1075.0,-1087.0,-1499.0,-253.0,136.53192487766367
2609,RLDataCoach,175.0,-564.9,-4010.38,16.89,-0.0004936239,0.0053543355,0.03409798,0.9994041,227002.0,15688.0,296.0,101.0,-195.0,-63.0,136.52618513325567
2610,RLDataCoach,175.0,-375.7,-3997.43,17.01,-0.00025085805,0.0049335416,0.03396311,0.9994109,227011.0,15492.0,53.0,33.0,-47.0,-16.0,136.5234032605399
2654,RLDataCoach,172.0,4076.18,-3047.72,184.37,-0.33751866,-0.49080157,0.46605554,0.65420735,7898.0,85802.0,64397.0,-12565.0,-20364.0,15276.0,64.54208455046985
2655,RLDataCoach,172.0,4079.76,-2958.86,243.88,-0.4207337,-0.53535736,0.45885348,0.57081443,2325.0,93872.0,53759.0,-10084.0,-22606.0,1173.0,64.92041059944091
2656,RLDataCoach,172.0,4079.65,-2883.56,279.08,-0.46171814,-0.53461826,0.45670637,0.5407578,-14.0,105585.0,40808.0,-8509.0,-5915.0,-307.0,67.91799984245706
2657,RLDataCoach,172.0,4079.37,-2789.91,305.78,0.47910026,0.52478653,-0.47065732,-0.52301407,-574.0,117752.0,25079.0,-5779.0,1311.0,-315.0,72.23665911128504
2658,RLDataCoach,172.0,4079.07,-2675.87,321.63,-0.48727876,-0.5133465,0.48178685,0.51663935,-163.0,129735.0,11716.0,-2705.0,479.0,-120.0,78.15782828354432
2659,RLDataCoach,172.0,4079.01,-2563.19,328.16,-0.49033222,-0.5095162,0.4854931,0.51406616,-34.0,139582.0,5506.0,-829.0,108.0,-34.0,83.81433463173228
2662,RLDataCoach,172.0,4079.01,-2455.33,331.44,-0.4907584,-0.5089282,0.48603255,0.5137321,-29.0,147036.0,3948.0,459.0,21.0,-10.0,88.25339779725196
2664,RLDataCoach,172.0,4055.44,-2329.19,336.5,-0.4732037,-0.5215628,0.47370535,0.52882296,-34373.0,154913.0,6294.0,10010.0,5990.0,2488.0,95.28324012248953
2666,RLDataCoach,172.0,4019.37,-2182.38,340.04,-0.38794398,-0.4999242,0.50947845,0.58310115,-40498.0,164499.0,1881.0,8113.0,32291.0,7259.0,101.6527273601648
2667,RLDataCoach,172.0,3982.19,-2026.85,339.79,-0.2631187,-0.4159701,0.5686326,0.65908605,-40600.0,173961.0,-1960.0,5708.0,34471.0,4297.0,107.18799934488933
2669,RLDataCoach,172.0,3945.07,-1862.72,336.3,-0.16889283,-0.34705126,0.59572,0.70437795,-40341.0,183300.0,-5313.0,4642.0,22245.0,1807.0,112.65711309100726
2671,RLDataCoach,172.0,3904.77,-1678.29,327.81,-0.10082643,-0.2972841,0.6038985,0.7326409,-40249.0,184719.0,-11370.0,3539.0,13895.0,120.0,113.63684451057235
2710,RLDataCoach,169.0,3656.43,2468.16,19.47,-0.0036819486,0.0029104927,0.86318195,0.50487125,-95452.0,190217.0,29675.0,74.0,-295.0,13538.0,128.92909263032917
2712,RLDataCoach,169.0,3589.62,2593.18,40.53,-0.0045613004,0.0019879825,0.8775723,0.47941855,-101814.0,186727.0,33440.0,82.0,-314.0,7457.0,129.17610777926387
2714,RLDataCoach,169.0,3513.13,2733.41,64.49,-0.005348941,0.001232711,0.88964766,0.45661464,-102097.0,187147.0,29769.0,36.0,-211.0,6446.0,129.151990059929
2715,RLDataCoach,169.0,3427.71,2889.72,108.68,-0.0059639895,0.0007202053,0.90060693,0.434593,-102678.0,187791.0,53504.0,2.0,-135.0,5484.0,132.3689063834857
2718,RLDataCoach,169.0,3350.57,3030.72,146.77,0.002797202,-0.0038653717,0.90822655,0.4184517,-102992.0,188173.0,48620.0,4977.0,4062.0,3601.0,131.97318053862307
2721,RLDataCoach,169.0,3247.2,3219.33,191.92,0.06258259,-0.031540804,0.9067852,0.41572732,-104498.0,189910.0,42347.0,14174.0,12516.0,-2120.0,132.5156861080227
2723,RLDataCoach,169.0,3166.71,3364.24,222.27,0.14255531,-0.07232563,0.8941065,0.41835457,-109509.0,195811.0,39158.0,25319.0,13766.0,-2858.0,136.64664794922703
2724,RLDataCoach,169.0,3073.71,3529.13,253.72,0.20148832,-0.19238186,0.86126095,0.42499557,-112126.0,197472.0,36502.0,35209.0,-7119.0,-13104.0,137.99977390938
2726,RLDataCoach,169.0,2988.84,3677.51,280.55,0.19609891,-0.34487176,0.8057882,0.4396749,-113379.0,197005.0,35130.0,35787.0,-18752.0,-20807.0,137.99984943383092
2727,RLDataCoach,169.0,2893.39,3841.79,309.56,0.16122139,-0.47934303,0.74553114,0.43407512,-114991.0,196195.0,34411.0,21115.0,-19142.0,-10658.0,137.99938046860933
2729,RLDataCoach,169.0,2776.72,4037.8,343.64,0.09932124,-0.5755272,0.7082957,0.39651096,-117670.0,194755.0,33524.0,9537.0,-18928.0,-4427.0,137.9994750003057
2730,RLDataCoach,169.0,2687.18,4183.71,368.38,0.059324134,-0.62002903,0.69195944,0.36501607,-120206.0,193401.0,32345.0,6058.0,-15047.0,-2242.0,137.999515123496
2756,RLDataCoach,167.0,1194.06,4845.97,253.53,0.13559602,-0.0009629712,0.9869004,-0.087409526,-167954.0,-58759.0,-55196.0,-21860.0,5647.0,3182.0,111.78012014969387
2759,RLDataCoach,167.0,1035.53,4791.32,201.37,0.16797575,0.07742915,0.9789301,-0.08651399,-177067.0,-60304.0,-58224.0,-14726.0,7996.0,1813.0,117.54385764113749
2761,RLDataCoach,167.0,856.67,4730.73,140.33,0.24101616,0.13243467,0.9567827,-0.094546884,-179198.0,-60621.0,-63877.0,-9975.0,15777.0,2606.0,119.8004841001905
2762,RLDataCoach,167.0,737.06,4690.3,96.21,0.28778383,0.15653871,0.9394277,-0.100756295,-179570.0,-60666.0,-67974.0,-7453.0,13127.0,1830.0,120.81654161380385
2765,RLDataCoach,167.0,602.23,4644.71,43.74,0.32740876,0.17154172,0.9231673,-0.10554152,-179783.0,-61338.0,-67581.0,3640.0,7294.0,-2682.0,120.97325655631495
2767,RLDataCoach,167.0,428.95,4595.95,23.51,0.10326492,0.036104843,0.98843056,-0.10506139,-221149.0,-54812.0,-13154.0,10136.0,-53728.0,5956.0,136.9318617924988
2770,RLDataCoach,167.0,225.85,4547.41,16.75,-0.015291593,0.007382779,0.9930899,-0.11612076,-221526.0,-53021.0,-1212.0,6841.0,4738.0,773.0,136.67160298306302
2771,RLDataCoach,167.0,41.34,4502.8,16.73,-0.0057859616,-0.002133642,0.9928179,-0.119476326,-221339.0,-53772.0,357.0,90.0,672.0,442.0,136.66639311637664
2772,RLDataCoach,167.0,-124.62,4462.3,16.94,-0.00496591,-0.0013298173,0.9927267,-0.12028015,-221239.0,-54161.0,177.0,-243.0,49.0,107.0,136.66327426766856
2773,RLDataCoach,167.0,-345.8,4407.97,17.01,-0.0048040664,-0.0007202053,0.992698,-0.12052831,-221166.0,-54429.0,31.0,-54.0,6.0,22.0,136.65902809869533
2774,RLDataCoach,167.0,-493.24,4371.65,17.01,-0.004782487,-0.000623099,0.9926923,-0.120576866,-221146.0,-54492.0,27.0,-16.0,2.0,8.0,136.65641426307073
2775,RLDataCoach,167.0,-659.11,4330.79,17.01,-0.004782487,-0.0005907302,0.99269164,-0.12058226,-221135.0,-54518.0,27.0,-3.0,3.0,1.0,136.65373928319704
2862,RLDataCoach,162.0,-1228.38,-4055.69,16.8,0.0042645866,0.0030453627,-0.51607084,0.8565299,81167.0,-206787.0,578.0,-299.0,617.0,24007.0,133.28818613485592
2863,RLDataCoach,162.0,-1124.42,-4246.89,17.03,0.0023008806,0.0042645866,-0.40643203,0.91366816,123382.0,-175570.0,53.0,-100.0,110.0,24361.0,128.75271037100538
2864,RLDataCoach,162.0,-1032.57,-4353.92,17.03,0.0017020582,0.0045073526,-0.33485898,0.9422559,148065.0,-148635.0,9.0,-41.0,28.0,22222.0,125.87938159666973
2865,RLDataCoach,162.0,-912.68,-4452.69,17.03,0.0012488954,0.0046368274,-0.25798285,0.9661376,168183.0,-118183.0,5.0,-8.0,2.0,21028.0,123.33283212948609
2866,RLDataCoach,162.0,-718.92,-4555.18,17.03,0.00071481057,0.0047393288,-0.14863528,0.98888046,186213.0,-74386.0,5.0,0.0,0.0,20402.0,120.31243086398013
2867,RLDataCoach,162.0,-544.23,-4604.82,17.03,0.00027243723,0.0047932765,-0.056189712,0.9984086,193111.0,-37344.0,5.0,0.0,0.0,20213.0,118.01320165778064
2868,RLDataCoach,162.0,-431.2,-4618.81,17.03,-8.092195e-06,0.0047932765,0.0026191736,0.9999851,193845.0,-14025.0,5.0,0.0,0.0,20147.0,116.61102213341583
2870,RLDataCoach,162.0,-270.95,-4615.53,17.03,-0.00040191234,0.004782487,0.0862982,0.9962578,190212.0,18410.0,5.0,0.0,0.0,20079.0,114.66050717156278
2872,RLDataCoach,162.0,-130.96,-4590.69,17.03,-0.0007849429,0.004733934,0.15236853,0.9883121,183838.0,43185.0,0.0,-38.0,-10.0,12342.0,113.30528499959743
2873,RLDataCoach,162.0,49.0,-4536.15,17.03,-0.0009629712,0.00470696,0.18077222,0.98351324,177396.0,61657.0,0.0,12.0,2.0,2561.0,112.68333296188925
2874,RLDataCoach,162.0,194.97,-4480.35,17.03,-0.0009306024,0.00470696,0.20529704,0.97868794,172663.0,72352.0,0.0,41.0,16.0,12233.0,112.32558235005949
2875,RLDataCoach,162.0,348.49,-4405.28,17.03,-0.0012488954,0.004626038,0.27666515,0.9609544,162012.0,90980.0,3.0,-10.0,-4.0,17921.0,111.48582635958707
2901,RLDataCoach,160.0,1299.96,-2831.51,72.6,-0.0033582607,0.0043239295,0.61022127,0.7922121,81595.0,154309.0,29258.0,-5567.0,1545.0,11699.0,106.19329143218039
2904,RLDataCoach,160.0,1454.15,-2665.53,98.3,0.11349345,0.2962213,0.5876817,0.74431336,154248.0,166259.0,22648.0,-2586.0,54211.0,-8911.0,136.75187638946676
2907,RLDataCoach,160.0,1569.88,-2540.64,110.58,0.28628945,0.45954943,0.49887225,0.67674154,154298.0,166727.0,4135.0,4387.0,52943.0,-14238.0,136.32399231565952
2909,RLDataCoach,160.0,1698.48,-2401.46,110.12,0.46514922,0.592224,0.3559743,0.5533437,154328.0,167247.0,-1521.0,4115.0,52305.0,-16499.0,136.5458218044038
2911,RLDataCoach,160.0,1839.94,-2247.86,108.69,0.6062075,0.69823956,0.17451964,0.33840337,154339.0,167822.0,-1592.0,12767.0,53496.0,-316.0,136.80432239092445
2912,RLDataCoach,160.0,1994.26,-2079.69,107.13,0.6465931,0.76201457,0.034847856,-0.006066491,154262.0,168468.0,-1551.0,18203.0,51759.0,3814.0,137.0584890360316
2913,RLDataCoach,160.0,2122.76,-1939.06,105.83,0.60715693,0.7323103,-0.07810346,-0.29829833,154179.0,169001.0,-1504.0,18314.0,51721.0,3801.0,137.2607557201985
2915,RLDataCoach,160.0,2251.26,-1798.0,104.62,0.50666773,0.6289159,-0.18305965,-0.56057274,154180.0,169496.0,-1470.0,18315.0,51721.0,3800.0,137.48057984224536
2917,RLDataCoach,160.0,2392.66,-1642.38,102.4,-0.36092672,-0.4790247,0.2706876,0.752991,154343.0,169978.0,-4530.0,18721.0,50791.0,9732.0,137.78435721038872
2918,RLDataCoach,160.0,2521.36,-1500.55,96.28,-0.24819124,-0.36688802,0.31957543,0.83765495,154414.0,170184.0,-9656.0,11917.0,35387.0,4613.0,137.9993681568144
2919,RLDataCoach,160.0,2650.0,-1358.76,85.88,-0.17097522,-0.2770967,0.3435285,0.88089335,154207.0,170003.0,-14795.0,7063.0,24903.0,1928.0,137.9996228903543
2920,RLDataCoach,160.0,2791.27,-1203.01,69.47,-0.116498396,-0.20241623,0.35569915,0.90494967,153915.0,169678.0,-20468.0,3587.0,17081.0,528.0,137.99920425814057
2961,RLDataCoach,157.0,3206.74,3093.23,30.25,0.18063734,-0.14115809,0.7482904,0.6224998,-40045.0,225254.0,-14143.0,-54110.0,-9850.0,-148.0,137.53354774890377
2964,RLDataCoach,157.0,3169.09,3299.53,18.1,-0.013516705,0.028573625,0.7704509,0.63671523,-42615.0,224733.0,-6613.0,-9644.0,-6120.0,3931.0,137.29999585535316
2966,RLDataCoach,157.0,3127.77,3485.31,16.7,-0.006061096,0.006514217,0.80018663,0.59968513,-56976.0,220825.0,-396.0,3149.0,-723.0,15536.0,136.83434044902614
2967,RLDataCoach,157.0,3055.15,3700.11,16.88,-0.0044857734,0.002290091,0.8497762,0.5271195,-87297.0,208172.0,251.0,55.0,111.0,18643.0,135.44116023513678
2968,RLDataCoach,157.0,2978.96,3849.97,17.0,-0.004361693,0.0021282472,0.8853437,0.46491185,-112982.0,192383.0,77.0,-10.0,54.0,19402.0,133.86342479975625
2971,RLDataCoach,157.0,2883.92,3986.01,17.01,-0.0044264304,0.0018800866,0.9171245,0.3985718,-137407.0,171977.0,29.0,-5.0,14.0,19762.0,132.07739506380338
2972,RLDataCoach,157.0,2730.91,4140.63,17.01,-0.0045559057,0.0014538977,0.95217824,0.3055058,-165225.0,139058.0,29.0,-2.0,0.0,19982.0,129.57281496826405
2974,RLDataCoach,157.0,2569.35,4251.16,17.01,-0.004674591,0.0010384984,0.9761842,0.21689054,-184439.0,104692.0,29.0,-1.0,-1.0,20074.0,127.24833104351505
2976,RLDataCoach,157.0,2407.62,4324.04,17.01,-0.0047447234,0.0006608626,0.9908997,0.13451706,-202299.0,73359.0,6.0,0.0,-1.0,20084.0,129.11357091522174
2977,RLDataCoach,157.0,2232.21,4369.88,17.01,-0.004787882,0.00025085805,0.9986706,0.051323567,-216368.0,39558.0,6.0,0.0,0.0,20033.0,131.9726519269807
2978,RLDataCoach,157.0,2028.93,4386.32,17.01,-0.004787882,-0.00018612048,0.9991771,-0.040275022,-225145.0,-461.0,6.0,1.0,-1.0,19955.0,135.08728322651245
3056,RLDataCoach,153.0,-2134.56,1513.26,104.08,0.27048802,0.33756718,-0.46446946,0.7727566,15675.0,-121231.0,-16449.0,-30761.0,6059.0,26920.0,74.0051553023166
3057,RLDataCoach,153.0,-2121.41,1412.08,87.69,0.1476265,0.31957003,-0.4271589,0.8328365,15883.0,-121548.0,-22262.0,-22120.0,1394.0,19095.0,74.75186786509083
3058,RLDataCoach,153.0,-2108.05,1310.63,66.5,0.061282445,0.29493192,-0.3949357,0.8679202,16140.0,-121896.0,-28015.0,-15932.0,-780.0,13539.0,75.66657697266344
3059,RLDataCoach,153.0,-2095.29,1219.65,43.68,0.012702133,0.25768617,-0.3630685,0.8953311,19393.0,-118999.0,-31373.0,-10103.0,-21293.0,19128.0,74.75026159445865
3060,RLDataCoach,153.0,-2067.18,1111.46,18.73,0.006794746,0.03560313,-0.2131627,0.9763441,39083.0,-92677.0,-15629.0,-10923.0,-30100.0,35593.0,61.07272901418438
3062,RLDataCoach,153.0,-2017.79,1052.56,26.14,-0.00019691007,0.0039840573,-0.088736646,0.99604714,63553.0,-43346.0,31621.0,-51.0,-220.0,19079.0,49.90379724790489
3063,RLDataCoach,153.0,-1957.12,1017.59,56.63,0.0001429621,0.018452985,-0.018021403,0.9996673,66550.0,-37952.0,32124.0,675.0,8038.0,13667.0,49.84410641991688
3066,RLDataCoach,153.0,-1869.84,973.87,85.2,0.026874263,0.17463833,0.03537115,0.98363006,116130.0,-51811.0,25541.0,11224.0,53741.0,3291.0,77.82187191734724
3069,RLDataCoach,153.0,-1782.56,935.03,102.23,0.1432836,0.34056666,0.03673064,0.9285123,116559.0,-51751.0,20423.0,37314.0,38963.0,-10697.0,77.49358391479903
3070,RLDataCoach,153.0,-1685.25,891.96,110.56,0.33844113,0.43783528,0.0067138243,0.8328942,116938.0,-51620.0,-170.0,42299.0,26397.0,-23214.0,76.6948087672171
3072,RLDataCoach,153.0,-1568.1,840.47,109.12,0.5689509,0.4687907,-0.059653174,0.67303175,117319.0,-51363.0,-1651.0,40127.0,21783.0,-30663.0,76.84833946911279
3074,RLDataCoach,152.0,-1480.0,802.05,107.86,0.7136172,0.4518078,-0.11910948,0.52195126,117591.0,-51115.0,-1650.0,38445.0,21570.0,-32888.0,76.93841200700726
3077,RLDataCoach,152.0,-1381.87,759.6,106.46,0.8328038,0.4105645,-0.18641521,0.32112923,117907.0,-50813.0,-1641.0,44334.0,19984.0,-25691.0,77.04036097812626
3079,RLDataCoach,152.0,-1283.46,717.42,105.1,0.90499735,0.4120211,-0.08184206,0.06723291,118246.0,-50450.0,-1600.0,53586.0,-12024.0,-2979.0,77.14114625645642
3082,RLDataCoach,152.0,-1155.2,662.92,103.41,0.8746384,0.38834864,0.17360254,-0.23249774,118388.0,-50282.0,-1547.0,52613.0,-15827.0,-2522.0,77.1796661026724
3084,RLDataCoach,152.0,-1066.37,625.21,100.64,0.7956913,0.36184382,0.2776416,-0.3985718,118388.0,-50282.0,-5875.0,53927.0,-3415.0,10253.0,77.2545463353452
3086,RLDataCoach,152.0,-967.67,583.31,93.26,0.6624683,0.34968936,0.31521645,-0.5826591,118388.0,-50282.0,-11285.0,49547.0,2422.0,23752.0,77.4705476002332
3088,RLDataCoach,152.0,-859.1,537.22,79.92,-0.47324145,-0.353169,-0.29289272,0.752016,118388.0,-50282.0,-17236.0,44025.0,1316.0,32939.0,77.86390688271428
3090,RLDataCoach,152.0,-760.4,495.32,63.07,-0.27431297,-0.3609483,-0.23693766,0.8592609,118388.0,-50282.0,-22646.0,42491.0,414.0,34918.0,78.36110118062405
3092,RLDataCoach,152.0,-671.58,457.61,44.06,-0.08473371,-0.34154856,-0.17936957,0.91869,118303.0,-50329.0,-27510.0,41114.0,3092.0,31766.0,78.88438967248209
3093,RLDataCoach,152.0,-573.44,416.32,29.09,0.0024681194,-0.2213952,-0.12421296,0.96723795,117620.0,-47775.0,-10246.0,6137.0,49587.0,11114.0,76.41912322684682
3095,RLDataCoach,152.0,-446.2,370.06,17.03,0.009055166,0.0047986717,-0.103156984,0.99461234,117055.0,-37069.0,-6288.0,-264.0,15630.0,2380.0,73.76712128584116
3096,RLDataCoach,152.0,-368.59,348.2,16.46,0.0017667959,0.0071615926,-0.09644046,0.99531144,115844.0,-29804.0,549.0,-1332.0,-882.0,1783.0,71.77066514307917
3244,RLDataCoach,142.0,-82.36,-3226.29,95.04,0.10045423,-0.045070995,0.93014014,0.35030976,-108399.0,84058.0,-20854.0,14930.0,17056.0,17.0,83.24874027371224
3245,RLDataCoach,142.0,-172.88,-3156.08,75.25,0.17712533,-0.07379302,0.91824114,0.3464309,-108794.0,84403.0,-26103.0,11706.0,13382.0,-6.0,84.08859782063202
3247,RLDataCoach,142.0,-254.62,-3092.65,53.73,0.2307228,-0.09382394,0.9059758,0.3423038,-109130.0,84696.0,-30762.0,8904.0,10196.0,-24.0,84.91445804808508
3250,RLDataCoach,142.0,-365.58,-3003.23,27.87,0.19707537,-0.07069636,0.9198567,0.33170304,-139007.0,126887.0,-11447.0,-38727.0,-38491.0,6600.0,113.1350724829396
3253,RLDataCoach,142.0,-519.25,-2869.52,17.8,-0.018113114,0.0319184,0.93944323,0.34073392,-143418.0,121529.0,-2422.0,7618.0,-3334.0,-1941.0,112.79981912059966
3255,RLDataCoach,142.0,-615.25,-2788.97,16.86,-0.008925733,0.0072856727,0.9387474,0.34441325,-144042.0,120781.0,-755.0,5073.0,650.0,-590.0,112.78837878966077
3257,RLDataCoach,142.0,-746.74,-2677.94,16.85,-0.005052227,0.000914418,0.93831813,0.34573498,-142298.0,120799.0,244.0,64.0,174.0,-147.0,111.99475142505563
3258,RLDataCoach,142.0,-840.49,-2598.12,16.97,-0.004712355,0.0013136329,0.93822,0.34600472,-139381.0,118818.0,119.0,-85.0,100.0,-54.0,109.89142823969483
3259,RLDataCoach,142.0,-955.07,-2500.35,17.01,-0.00457209,0.001577978,0.9381825,0.3461072,-135959.0,116080.0,29.0,-26.0,27.0,-13.0,107.26318143668868
3261,RLDataCoach,142.0,-1055.62,-2414.47,17.01,-0.004545116,0.0016427155,0.93817455,0.3461288,-131056.0,111932.0,27.0,-18.0,-4.0,-2.0,103.40987117311383
3262,RLDataCoach,142.0,-1145.6,-2337.62,17.01,-0.0046152486,0.0016912688,0.9381741,0.3461288,-111089.0,94884.0,27.0,-14.0,-10.0,0.0,87.65698168520292
3264,RLDataCoach,142.0,-1228.0,-2267.23,17.01,-0.004647617,0.001707453,0.93817395,0.3461288,-88909.0,75939.0,27.0,-5.0,-3.0,0.0,70.15522349162605
3299,RLDataCoach,139.0,177.16,-2828.43,102.32,0.38438338,-0.14010611,-0.40386948,0.81823534,165355.0,-81444.0,-16303.0,-37766.0,39982.0,358.0,111.0262492800689
3300,RLDataCoach,139.0,316.22,-2897.85,86.09,0.20707732,-0.07334525,-0.4309245,0.87523913,167060.0,-83524.0,-21924.0,-27433.0,28751.0,201.0,112.83504341613025
3301,RLDataCoach,139.0,469.34,-2974.41,63.02,0.07309705,-0.025628066,-0.4403007,0.8945028,167060.0,-83524.0,-27875.0,-17919.0,18052.0,-29.0,113.30681536589049
3302,RLDataCoach,139.0,608.54,-3044.01,37.32,-0.0078737475,0.0012488954,-0.44170874,0.8971231,167060.0,-83524.0,-33285.0,-12217.0,11774.0,-44.0,113.83123307932668
3303,RLDataCoach,139.0,743.94,-3132.86,16.05,-0.010911018,0.008030155,-0.43187398,0.9018322,123387.0,-113697.0,-5740.0,9876.0,-11406.0,-247.0,100.7290950226398
3304,RLDataCoach,139.0,835.87,-3233.79,16.39,0.0017937699,0.0034985256,-0.43528894,0.90028226,103822.0,-123759.0,1094.0,344.0,27.0,-851.0,96.9264569473165
3305,RLDataCoach,139.0,919.29,-3336.8,16.9,0.002106668,0.0040595843,-0.4372958,0.8993061,97804.0,-122928.0,300.0,45.0,75.0,-320.0,94.25349869368243
3306,RLDataCoach,139.0,1006.95,-3447.97,17.01,0.002106668,0.0042699813,-0.43800253,0.8989611,94019.0,-119774.0,39.0,10.0,19.0,-84.0,91.36048700001548
3307,RLDataCoach,139.0,1083.98,-3546.27,17.01,0.002106668,0.0043185344,-0.43817514,0.8988768,91144.0,-116461.0,27.0,3.0,4.0,-22.0,88.73185355305048
3308,RLDataCoach,139.0,1151.3,-3632.34,17.01,0.002106668,0.0043185344,-0.4382129,0.89885837,88671.0,-113388.0,27.0,3.0,3.0,-5.0,86.36537955129937
3309,RLDataCoach,139.0,1223.95,-3725.25,17.01,0.002106668,0.0043185344,-0.4382129,0.89885837,85963.0,-109945.0,27.0,3.0,3.0,0.0,83.73717695432536
3310,RLDataCoach,139.0,1308.16,-3832.95,17.01,0.002106668,0.0043185344,-0.4382129,0.89885837,82723.0,-105805.0,27.0,3.0,3.0,0.0,80.58291167412604
3328,RLDataCoach,137.0,1493.56,-4041.49,17.01,0.0032611545,0.0035848422,-0.6559855,0.75475794,-12889.0,59537.0,27.0,0.0,-8.0,-4474.0,36.5497101334607
3329,RLDataCoach,137.0,1483.12,-3976.46,17.01,0.003250365,0.0035956318,-0.662087,0.7494113,-9426.0,69379.0,27.0,-1.0,12.0,-426.0,42.009838187738836
3332,RLDataCoach,137.0,1476.08,-3921.72,17.01,0.0032341806,0.0036010267,-0.66254556,0.749006,-9501.0,75791.0,27.0,-1.0,8.0,-51.0,45.83051764883307
3334,RLDataCoach,137.0,1467.58,-3855.69,27.08,0.003217996,0.0036333955,-0.66631114,0.74565804,-10755.0,81854.0,30801.0,10.0,26.0,-2535.0,52.86966634205289
3335,RLDataCoach,137.0,1459.57,-3793.36,51.56,-0.002845755,-0.0030237834,-0.6723642,0.74020886,-10681.0,83378.0,32403.0,-6178.0,-609.0,-1846.0,54.05307076790364
3338,RLDataCoach,137.0,1448.7,-3704.18,78.27,-0.07161888,-0.074677765,-0.67350787,0.73190236,-15016.0,133742.0,26405.0,-54936.0,-2431.0,-1025.0,82.28891580401336
3339,RLDataCoach,137.0,1436.2,-3592.51,97.69,-0.27888235,-0.27855867,-0.6233846,0.6752935,-15055.0,134221.0,20732.0,-54973.0,-1679.0,-313.0,81.9867577624582
3341,RLDataCoach,137.0,1424.87,-3491.73,107.5,-0.4450589,-0.44038162,-0.52911556,0.57273316,-15082.0,134462.0,1782.0,-54976.0,-1592.0,-286.0,81.19015832673315
3342,RLDataCoach,137.0,1409.75,-3357.21,106.43,0.614043,0.6044056,0.34484485,-0.37246087,-15087.0,134482.0,-1529.0,-54970.0,-1775.0,-242.0,81.2005599995468
3344,RLDataCoach,137.0,1400.93,-3278.74,105.52,0.6730498,0.6607923,0.22738881,-0.24218144,-15087.0,134482.0,-1545.0,-54904.0,-2923.0,-1377.0,81.20066902729312
3345,RLDataCoach,137.0,1385.93,-3140.71,104.67,0.7209968,0.6814814,0.12386773,-0.020087609,-14854.0,142470.0,-806.0,-41868.0,-30998.0,-12874.0,85.94671062187312
3346,RLDataCoach,137.0,1370.33,-2979.76,103.24,0.7089666,0.62787306,0.16873103,0.27326095,-13845.0,153819.0,-1682.0,-24959.0,-48417.0,-7602.0,92.66999108449292
3512,RLDataCoach,128.0,-4079.36,796.69,243.13,0.5436061,-0.4092913,0.5860504,-0.4399069,-2412.0,-171070.0,52132.0,3125.0,19736.0,1827.0,107.3119886335166
3514,RLDataCoach,128.0,-4079.53,665.95,279.86,0.54966444,-0.44066215,0.5608285,-0.4349221,-68.0,-175326.0,45854.0,8411.0,5863.0,977.0,108.73384053623785
3516,RLDataCoach,128.0,-4079.34,519.75,314.07,0.5348989,-0.46731794,0.534095,-0.458519,566.0,-175509.0,36996.0,13071.0,-1207.0,-85.0,107.62005409346345
3519,RLDataCoach,128.0,-4071.54,358.71,343.12,0.50271875,-0.49821946,0.50620043,-0.49275988,30612.0,-175906.0,27720.0,12068.0,-658.0,-92.0,108.41323240638107
3521,RLDataCoach,128.0,-4036.48,182.62,367.03,-0.45428944,0.49847305,-0.50350636,0.54002506,38287.0,-176392.0,20928.0,8825.0,-22723.0,-532.0,109.02515653792935
3523,RLDataCoach,128.0,-4010.96,64.86,379.34,-0.38060164,0.45378777,-0.5380386,0.5997779,38285.0,-176832.0,16545.0,7800.0,-38550.0,-2538.0,109.0103316692505
3525,RLDataCoach,128.0,-3982.25,-67.97,389.69,-0.2687455,0.37361535,-0.58630604,0.66665787,38290.0,-177321.0,11587.0,6873.0,-38439.0,-3153.0,109.06659935837368
3526,RLDataCoach,128.0,-3950.28,-216.99,396.59,-0.17072167,0.30176723,-0.6120393,0.71077317,38551.0,-181892.0,5185.0,5500.0,-25693.0,-1243.0,111.6028443024639
3528,RLDataCoach,128.0,-3921.11,-356.62,397.7,-0.10803931,0.256003,-0.61950034,0.7341725,39209.0,-189583.0,-1521.0,4387.0,-17941.0,-55.0,116.16063999462123
3530,RLDataCoach,128.0,-3888.0,-518.47,392.95,-0.059173036,0.22072625,-0.619441,0.75104684,40234.0,-198056.0,-9138.0,3345.0,-12090.0,775.0,121.3846963046001
3531,RLDataCoach,128.0,-3853.9,-687.41,381.79,-0.025746752,0.19698367,-0.61535174,0.76280844,41544.0,-206457.0,-16873.0,2515.0,-8194.0,1234.0,126.76211645850663
3532,RLDataCoach,128.0,-3822.18,-845.36,366.2,-0.004809461,0.18239065,-0.610286,0.7708836,42936.0,-213964.0,-23902.0,1934.0,-5804.0,1433.0,131.72070315087146
3534,RLDataCoach,128.0,-3789.34,-1008.95,345.33,0.009702542,0.17171974,-0.60483724,0.7775539,44502.0,-221423.0,-30977.0,349.0,-4455.0,1724.0,136.77913980691648
3536,RLDataCoach,127.0,-3751.79,-1195.18,316.27,0.0041351113,0.14180003,-0.59925896,0.78788596,44992.0,-222408.0,-37549.0,-9776.0,-5971.0,3346.0,137.99938164513637
3538,RLDataCoach,127.0,-3717.79,-1362.3,285.92,-0.026205309,0.0876469,-0.5939127,0.7993116,45315.0,-221483.0,-42325.0,-18884.0,-7866.0,4570.0,137.9994445280125
3539,RLDataCoach,127.0,-3680.06,-1546.54,248.27,-0.08439923,-0.0017506115,-0.5829181,0.8081338,45165.0,-220476.0,-47436.0,-24913.0,-9140.0,5205.0,137.99963203907464
3540,RLDataCoach,127.0,-3642.46,-1729.9,206.43,-0.1382611,-0.08306132,-0.5671922,0.8076371,45015.0,-219385.0,-52377.0,-19582.0,-7019.0,4151.0,137.99931988397623
3541,RLDataCoach,127.0,-3597.52,-1948.72,150.87,-0.1871489,-0.15672752,-0.5475173,0.8003978,44835.0,-217972.0,-58120.0,-14669.0,-5115.0,3149.0,137.99987531603063
3543,RLDataCoach,127.0,-3571.38,-2075.7,115.85,-0.2094349,-0.19020775,-0.5367546,0.79489154,44723.0,-217095.0,-61393.0,-12393.0,-4252.0,2678.0,137.9993298283727
3546,RLDataCoach,127.0,-3526.51,-2292.61,53.35,-0.22052124,-0.21437113,-0.52719504,0.79213685,45766.0,-218503.0,-55330.0,29967.0,5161.0,18.0,137.99934347452526
3548,RLDataCoach,127.0,-3488.49,-2454.94,18.28,-0.022666322,-0.025557933,-0.5709848,0.8202496,58031.0,-213605.0,-29135.0,54643.0,4057.0,-4755.0,133.9540026873404
3551,RLDataCoach,127.0,-3433.97,-2630.77,15.63,0.0055863117,0.0044965628,-0.5909402,0.8066835,66830.0,-210500.0,2174.0,-822.0,324.0,-6699.0,132.51883286295575
3553,RLDataCoach,127.0,-3380.22,-2806.76,16.72,0.0036387902,0.003940899,-0.604233,0.7967896,62321.0,-211814.0,672.0,-235.0,113.0,-1821.0,132.47577333067355
3555,RLDataCoach,127.0,-3334.89,-2966.01,16.97,0.00312089,0.0038383978,-0.60713,0.79458714,59250.0,-212658.0,150.0,-66.0,37.0,-537.0,132.4546850324291
3556,RLDataCoach,127.0,-3286.22,-3143.42,17.01,0.0029698354,0.0038222133,-0.6080795,0.7938614,57903.0,-213017.0,30.0,-16.0,7.0,-153.0,132.4478773528666
3605,RLDataCoach,124.0,553.82,-3842.91,81.52,0.35579628,-0.15274616,0.028120462,0.9215676,229206.0,6894.0,-2165.0,49932.0,1406.0,23015.0,137.59192477365815
3606,RLDataCoach,124.0,725.92,-3837.78,80.29,0.5533059,-0.12914385,0.076938145,0.8193015,229682.0,6871.0,-1513.0,51415.0,-2444.0,19377.0,137.8738392017862
3608,RLDataCoach,124.0,917.48,-3832.08,79.04,0.7397342,-0.10740273,0.12071169,0.6532126,229892.0,6855.0,-1496.0,51824.0,-3078.0,18159.0,137.99942700533214
3610,RLDataCoach,124.0,1089.92,-3826.95,77.96,0.8669117,-0.08361159,0.15316695,0.4669187,229893.0,6837.0,-1492.0,51850.0,-3223.0,18059.0,137.99968967182497
3612,RLDataCoach,124.0,1281.52,-3821.25,76.76,0.9480479,-0.03608322,0.21181405,0.23460175,229894.0,6818.0,-1486.0,36732.0,-25527.0,32000.0,137.99992768172018
3615,RLDataCoach,124.0,1453.96,-3816.12,75.68,0.9079377,0.047385365,0.41063464,0.069158845,229893.0,6849.0,-1444.0,21672.0,-40462.0,30299.0,137.9997200684117
3616,RLDataCoach,124.0,1683.88,-3809.23,73.4,0.769286,0.14363974,0.6115646,-0.11642826,229854.0,6920.0,-4347.0,22228.0,-32528.0,38377.0,137.99953581443668
3617,RLDataCoach,124.0,1856.24,-3804.01,68.32,0.6588879,0.23031819,0.6675377,-0.259256,229730.0,6924.0,-8717.0,18005.0,-22929.0,46637.0,137.99974012801619
3619,RLDataCoach,124.0,2047.6,-3798.27,58.82,0.5238287,0.3414784,0.66307956,-0.41148695,229497.0,6854.0,-13569.0,10858.0,-17644.0,50948.0,137.9999583730372
3621,RLDataCoach,124.0,2275.41,-3791.45,47.15,-0.37293023,-0.4046679,-0.58283716,0.5978861,225612.0,6821.0,-7374.0,27250.0,14395.0,45554.0,135.50130451755805
3624,RLDataCoach,124.0,2462.47,-3786.34,38.65,-0.23055021,-0.360247,-0.4899546,0.7596139,222130.0,4853.0,-11310.0,36480.0,16707.0,37617.0,133.4824095498729
3626,RLDataCoach,124.0,2644.19,-3784.6,30.88,-0.09956944,-0.21616225,-0.40931827,0.8808055,214676.0,-536.0,-9573.0,35677.0,30899.0,28238.0,128.93400349155374
3670,RLDataCoach,121.0,3312.44,-1018.24,72.05,-0.40183023,0.5398401,-0.53069085,-0.5152401,-47810.0,192409.0,-18857.0,-27683.0,9233.0,22347.0,119.49283701879372
3671,RLDataCoach,121.0,3272.64,-857.94,53.85,0.39694256,-0.42800048,0.60913247,0.5368517,-47810.0,192409.0,-24267.0,-30449.0,7074.0,13217.0,119.84375829053425
3672,RLDataCoach,121.0,3237.91,-714.77,38.8,0.34678155,-0.28821,0.6885677,0.5679367,-43593.0,188743.0,-10072.0,-52935.0,-11875.0,9046.0,116.38409409158967
3673,RLDataCoach,121.0,3201.92,-558.21,31.35,0.18838975,-0.14202127,0.7714667,0.59091324,-43980.0,186857.0,-10418.0,-53349.0,-11842.0,6210.0,115.34727082285043
3674,RLDataCoach,121.0,3167.49,-419.2,21.09,0.034745354,-0.012238138,0.79616857,0.60395247,-47416.0,183941.0,-14592.0,-44830.0,-11035.0,-515.0,114.30825954566886
3675,RLDataCoach,121.0,3126.74,-268.18,16.35,-0.00793309,0.0048526195,0.795934,0.60531193,-49470.0,179142.0,-286.0,3376.0,-894.0,2.0,111.50837990752083
3676,RLDataCoach,121.0,3077.88,-91.78,16.82,-0.0047393288,0.0025220674,0.7959579,0.60532814,-48203.0,174062.0,399.0,95.0,313.0,0.0,108.36815293913611
3677,RLDataCoach,121.0,3034.32,65.44,17.0,-0.0040326104,0.002845755,0.7959607,0.60532814,-46937.0,169411.0,80.0,16.0,76.0,0.0,105.47579392637914
3678,RLDataCoach,121.0,2995.76,204.69,17.01,-0.003886951,0.0029104927,0.79596126,0.60532814,-45782.0,165186.0,27.0,5.0,15.0,0.0,102.84778298845337
3679,RLDataCoach,121.0,2961.83,326.99,17.01,-0.003859977,0.0029104927,0.7959613,0.60532814,-44734.0,161388.0,27.0,1.0,5.0,0.0,100.48382203339999
3680,RLDataCoach,121.0,2917.85,485.63,17.01,-0.003859977,0.0029104927,0.7959613,0.60532814,-43330.0,156324.0,27.0,1.0,5.0,0.0,97.33080569788785
3681,RLDataCoach,121.0,2885.81,601.3,17.01,-0.003859977,0.0029104927,0.7959613,0.60532814,-42277.0,152526.0,27.0,1.0,5.0,0.0,94.96604344838211
