PlayerName,SecondsRemaining,CarPositionX,CarPositionY,CarPositionZ,CarRotationX,CarRotationY,CarRotationZ,CarRotationW,CarLinearVelocityX,CarLinearVelocityY,CarLinearVelocityZ,CarAngularVelocityX,CarAngularVelocityY,CarAngularVelocityZ,CarSpeed
RLDataCoach,300.0,256.0,-3840.0,17.01,-0.0033744453,0.0033744453,0.707096,0.70710146,0.0,0.0,27.0,-6.0,0.0,0.0,0.0162
RLDataCoach,300.0,256.0,-3839.73,17.01,-0.0033744453,0.0033744453,0.707096,0.70710146,0.0,1684.0,27.0,1.0,0.0,0.0,1.0105298610135178
RLDataCoach,300.0,256.0,-3828.08,17.01,-0.0033636556,0.0033636556,0.707096,0.7071016,0.0,17883.0,27.0,7.0,0.0,0.0,10.729812229484727
RLDataCoach,300.0,256.0,-3810.34,17.01,-0.0033636556,0.0033636556,0.707096,0.7071016,0.0,28145.0,27.0,6.0,0.0,0.0,16.88700777047254
RLDataCoach,300.0,256.07,-3782.01,17.01,-0.0033636556,0.0033582607,0.7064216,0.70777535,641.0,38572.0,27.0,4.0,-14.0,-1778.0,23.146401142294238
RLDataCoach,300.0,260.09,-3746.43,17.01,-0.0032719441,0.0034391829,0.6716466,0.74085647,7997.0,46097.0,30.0,0.0,-4.0,-17044.0,28.071321210089128
RLDataCoach,300.0,270.47,-3704.89,17.01,-0.0029482562,0.0037305017,0.6081119,0.7938371,16581.0,52609.0,29.0,2.0,10.0,-21439.0,33.096063540548144
RLDataCoach,300.0,285.41,-3663.01,17.01,-0.002608384,0.0039840573,0.5594722,0.8288354,21628.0,58699.0,27.0,17.0,40.0,-8423.0,37.53403438267728
RLDataCoach,300.0,306.03,-3611.32,17.01,-0.0025220674,0.0040326104,0.5462387,0.837616,27170.0,64682.0,27.0,-3.0,-10.0,-1656.0,42.094055056266555
RLDataCoach,300.0,330.61,-3554.7,17.01,-0.0025490413,0.0040218206,0.54355216,0.8393619,31216.0,70587.0,27.0,-3.0,-9.0,-344.0,46.30882230677001
RLDataCoach,300.0,363.82,-3480.37,17.01,-0.0025544362,0.0040218206,0.5429425,0.83975637,34754.0,77423.0,27.0,-2.0,-8.0,-54.0,50.91933211109509
RLDataCoach,300.0,390.82,-3420.29,17.01,-0.002559831,0.0040218206,0.5428562,0.83981216,36984.0,82192.0,27.0,-2.0,-7.0,-12.0,54.07775019025846
RLDataCoach,300.0,422.68,-3349.51,17.01,-0.002559831,0.0040218206,0.5428454,0.83981913,39218.0,87099.0,27.0,-2.0,-7.0,-1.0,57.31268358260674
RLDataCoach,300.0,452.87,-3282.47,17.01,-0.002559831,0.0040218206,0.5428454,0.83981913,41057.0,91176.0,27.0,-2.0,-7.0,0.0,59.99622274310275
RLDataCoach,300.0,487.96,-3204.55,17.01,-0.002559831,0.0040218206,0.5428454,0.83981913,42937.0,95349.0,27.0,-2.0,-6.0,0.0,62.742383279885054
RLDataCoach,300.0,532.03,-3106.69,17.01,-0.0025652258,0.0040218206,0.5428454,0.83981913,44990.0,99907.0,27.0,-3.0,-6.0,0.0,65.74179349607067
RLDataCoach,300.0,570.25,-3021.83,17.01,-0.0025652258,0.0040218206,0.5428454,0.83981913,46546.0,103362.0,27.0,-3.0,-5.0,0.0,68.01532327380353
RLDataCoach,300.0,605.78,-2942.91,17.01,-0.0025652258,0.0040218206,0.5428454,0.83981913,48512.0,107727.0,13.0,-3.0,-5.0,0.0,70.8877105224876
RLDataCoach,300.0,657.26,-2828.59,17.01,-0.0025706205,0.0040218206,0.5428454,0.8398191,53903.0,119697.0,3.0,-4.0,-4.0,0.0,78.76449632746977
RLDataCoach,300.0,699.25,-2735.36,17.01,-0.0025706205,0.0040218206,0.5428454,0.8398191,57595.0,127898.0,3.0,-4.0,-3.0,0.0,84.16073715028878
RLDataCoach,300.0,759.09,-2602.48,17.01,-0.00258141,0.0040218206,0.5428454,0.8398191,61704.0,137024.0,3.0,-6.0,-1.0,0.0,90.16576774119987
RLDataCoach,300.0,806.65,-2496.89,17.01,-0.00258141,0.0040218206,0.5428454,0.8398191,64755.0,143801.0,3.0,-6.0,-1.0,0.0,94.62503658440508
RLDataCoach,300.0,859.43,-2372.59,21.97,-0.002608384,0.0040218206,0.5680284,0.82299507,60590.0,154273.0,29960.0,17.0,45.0,13742.0,101.05843340582713
RLDataCoach,300.0,902.92,-2252.95,46.15,-7.822455e-05,0.0006284938,0.6185023,0.7857827,58148.0,163117.0,34601.0,3845.0,-982.0,19286.0,105.9566275692087
RLDataCoach,300.0,966.53,-2082.07,78.37,-0.0055917487,0.014568732,0.6791994,0.7337879,112702.0,198513.0,28114.0,-19164.0,15823.0,11712.0,137.99941169744164
RLDataCoach,300.0,1059.35,-1914.94,98.44,-0.0053543355,0.2918515,0.65895265,0.6932355,109661.0,201165.0,20170.0,-30716.0,45205.0,-6157.0,137.99963614647683
RLDataCoach,300.0,1149.42,-1745.63,109.05,0.1314636,0.502859,0.5608964,0.6443954,106276.0,203967.0,1597.0,-10068.0,50354.0,-19699.0,137.99957696543854
RLDataCoach,300.0,1227.78,-1591.46,107.6,0.27437228,0.6441618,0.43285587,0.5678126,102497.0,205881.0,-2695.0,-8950.0,50041.0,-20995.0,137.99984894991732
RLDataCoach,300.0,1311.34,-1418.43,105.3,0.4150206,0.75151485,0.25874895,0.44275534,97903.0,208104.0,-2698.0,-8860.0,49957.0,-21229.0,137.99941490615095
RLDataCoach,300.0,1391.22,-1243.89,103.31,0.52360207,0.79907316,0.060160328,0.28931594,94867.0,209516.0,-1789.0,-12462.0,48635.0,-22456.0,137.9998727816805
RLDataCoach,300.0,1470.14,-1069.21,101.95,0.5852864,0.78875226,-0.15189917,0.110618025,94551.0,209660.0,-1608.0,-4392.0,50987.0,-20147.0,137.99972982364855
RLDataCoach,300.0,1548.8,-894.39,100.65,0.6112571,0.7232218,-0.28496772,-0.14868923,94233.0,209803.0,-1578.0,13475.0,47880.0,-23469.0,137.99953980184137
RLDataCoach,300.0,1619.39,-736.96,99.48,0.6001977,0.60728776,-0.33981684,-0.3943207,94001.0,209907.0,-1544.0,16650.0,45383.0,-26232.0,137.9993746759745
RLDataCoach,300.0,1697.65,-561.96,95.74,-0.5425325,-0.47953722,0.38348246,0.57327455,93817.0,209882.0,-6884.0,14156.0,50805.0,-15601.0,137.99931243611323
RLDataCoach,300.0,1775.79,-387.08,87.56,-0.43171754,-0.34010816,0.43547237,0.7129588,93679.0,209703.0,-12195.0,15692.0,52116.0,-7909.0,137.99976688023787
RLDataCoach,300.0,1869.43,-177.49,71.9,-0.25662336,-0.17333819,0.48210514,0.81955653,93521.0,209305.0,-18567.0,14808.0,44257.0,-4133.0,137.9993399397258
RLDataCoach,300.0,1947.33,-3.19,53.98,-0.14556025,-0.0678641,0.49368778,0.85468066,93366.0,208836.0,-23877.0,8820.0,30033.0,-2899.0,137.9997338880043
RLDataCoach,300.0,2017.31,153.3,34.09,-0.07776898,0.0021012733,0.5074176,0.8581812,93247.0,208321.0,-28409.0,5567.0,22339.0,4435.0,137.99962608340647
RLDataCoach,300.0,2111.14,361.14,15.78,-0.0006123094,0.005559338,0.5528096,0.83328885,92848.0,208090.0,-1813.0,2686.0,-2789.0,14349.0,136.72298644441614
RLDataCoach,300.0,2184.63,536.04,16.53,-0.0022469328,0.0039570834,0.5827994,0.8126033,83007.0,211733.0,899.0,-153.0,-176.0,5483.0,136.45460810848417
RLDataCoach,300.0,2248.51,714.21,16.94,-0.0027486489,0.0038383978,0.5940961,0.8043802,72154.0,215236.0,219.0,-34.0,-31.0,2060.0,136.20499996064754
RLDataCoach,300.0,2311.19,912.56,17.01,-0.0028619396,0.0038330029,0.5982879,0.801267,66124.0,217053.0,32.0,-6.0,-2.0,601.0,136.1410302415844
RLDataCoach,300.0,2359.99,1075.59,17.01,-0.0028673343,0.0038330029,0.5993291,0.8004885,64466.0,217539.0,27.0,-2.0,0.0,207.0,136.13401362686696
RLDataCoach,300.0,2413.38,1256.96,17.01,-0.0028673343,0.0038330029,0.59970134,0.80020964,63859.0,217712.0,27.0,-2.0,0.0,61.0,136.13058260155944
RLDataCoach,300.0,2466.51,1438.42,17.01,-0.0028673343,0.0038330029,0.5998092,0.8001287,63676.0,217760.0,27.0,-2.0,0.0,17.0,136.1273612092734
RLDataCoach,300.0,2519.52,1619.92,17.01,-0.0028673343,0.0038330029,0.59983623,0.8001085,63620.0,217771.0,27.0,-2.0,0.0,3.0,136.12427000796
RLDataCoach,300.0,2572.52,1801.42,17.01,-0.0028673343,0.0038330029,0.59983623,0.8001085,63609.0,217771.0,27.0,-2.0,0.0,0.0,136.12241938181967
RLDataCoach,300.0,2625.52,1982.92,17.01,-0.0028673343,0.0038330029,0.59983623,0.8001085,63609.0,217771.0,27.0,-2.0,0.0,0.0,136.12241938181967
RLDataCoach,300.0,2678.52,2164.42,17.01,-0.0028673343,0.0038330029,0.59983623,0.8001085,63609.0,217771.0,27.0,-2.0,0.0,0.0,136.12241938181967
RLDataCoach,300.0,2726.22,2327.77,17.01,-0.0028673343,0.0038330029,0.59983623,0.8001085,63609.0,217771.0,27.0,-2.0,0.0,0.0,136.12241938181967
RLDataCoach,300.0,2779.22,2509.27,17.01,-0.0028673343,0.0038330029,0.59983623,0.8001085,63609.0,217771.0,27.0,-2.0,0.0,0.0,136.12241938181967
RLDataCoach,300.0,2842.82,2727.07,17.01,-0.0028673343,0.0038330029,0.59983623,0.8001085,63609.0,217771.0,27.0,-2.0,0.0,0.0,136.12241938181967
RLDataCoach,300.0,2885.22,2872.27,17.01,-0.0028673343,0.0038330029,0.59983623,0.8001085,63609.0,217771.0,27.0,-2.0,0.0,0.0,136.12241938181967
RLDataCoach,300.0,2948.82,3090.07,17.01,-0.0028673343,0.0038330029,0.59983623,0.8001085,63609.0,217771.0,27.0,-2.0,0.0,0.0,136.12241938181967
RLDataCoach,300.0,2985.27,3217.27,17.01,-0.0028727292,0.0038330029,0.605873,0.79554695,60991.0,218448.0,27.0,2.0,19.0,5458.0,136.08157606759264
RLDataCoach,300.0,3029.98,3400.57,17.01,-0.0030237834,0.0037197121,0.6455465,0.76370597,45677.0,221368.0,28.0,0.0,-3.0,15752.0,135.61882241532697
RLDataCoach,300.0,3056.24,3586.15,17.01,-0.0033204972,0.0034661568,0.69948393,0.71463215,18566.0,223328.0,28.0,0.0,-8.0,18474.0,134.4590397877361
RLDataCoach,300.0,3056.83,3771.46,17.01,-0.0035902371,0.003164048,0.7540072,0.65684867,-14368.0,220766.0,28.0,0.0,-6.0,19421.0,132.73983617226594
RLDataCoach,300.0,3029.19,3952.03,17.01,-0.003854582,0.0028403604,0.8052233,0.59295243,-48519.0,212466.0,28.0,-1.0,0.0,19812.0,130.76131808895167
RLDataCoach,300.0,2959.23,4155.7,17.01,-0.004113532,0.002451935,0.86022717,0.5098884,-87586.0,195013.0,28.0,-1.0,-1.0,20013.0,128.26728423740795
RLDataCoach,300.0,2901.09,4265.04,17.01,-0.004259192,0.0021983795,0.88856035,0.4587348,-108440.0,181386.0,28.0,0.0,0.0,20072.0,126.79764010737739
RLDataCoach,300.0,2798.3,4405.81,17.01,-0.0044210358,0.0018207438,0.92381996,0.3827973,-134910.0,158106.0,28.0,-3.0,0.0,20117.0,124.70508330938237
RLDataCoach,300.0,2688.57,4514.49,17.01,-0.0045559057,0.0014808717,0.9500555,0.3120443,-154843.0,133939.0,28.0,-3.0,0.0,20135.0,122.84040058319576
RLDataCoach,300.0,2551.24,4612.71,17.01,-0.0046638018,0.0011032359,0.97286683,0.23131622,-172174.0,104343.0,28.0,-2.0,0.0,20137.0,120.79439364159248
RLDataCoach,300.0,2371.02,4696.64,17.01,-0.0047447234,0.000650073,0.9911859,0.13239151,-185824.0,66327.0,28.0,0.0,-1.0,20119.0,118.38386312348486
RLDataCoach,300.0,2245.2,4731.1,17.01,-0.004787882,0.0003155956,0.9978275,0.06570618,-190472.0,40251.0,28.0,1.0,0.0,20096.0,116.80711264661926
RLDataCoach,300.0,2101.67,4749.05,17.01,-0.004787882,-4.0460975e-05,0.9999431,-0.009535345,-191459.0,10931.0,28.0,1.0,-1.0,20062.0,115.06247451432634
RLDataCoach,300.0,1943.58,4743.57,17.01,-0.0047716973,-0.0004450707,0.99574447,-0.092032865,-187632.0,-20293.0,28.0,13.0,1.0,18478.0,113.23571283177405
RLDataCoach,300.0,1789.54,4716.3,17.01,-0.0047393288,-0.0007525741,0.9906867,-0.13607615,-182662.0,-41269.0,26.0,5.0,0.0,5450.0,112.35957200505882
RLDataCoach,300.0,1653.83,4680.89,17.01,-0.0047393288,-0.0007795481,0.9890838,-0.14727579,-179893.0,-50754.0,26.0,-10.0,0.0,1713.0,112.14939068385524
RLDataCoach,300.0,1505.7,4633.77,17.01,-0.004728539,-0.0008011273,0.98358953,-0.18035682,-175498.0,-62341.0,27.0,-21.0,-6.0,13879.0,111.74498487645877
RLDataCoach,300.0,1363.22,4573.89,17.01,-0.0046584066,-0.0011302099,0.96872133,-0.24810492,-166375.0,-80602.0,28.0,7.0,3.0,18073.0,110.92266032096417
RLDataCoach,298.0,846.1,2797.79,17.01,0.0033258921,0.0034607619,-0.6984643,0.7156288,4600.0,-189690.0,3.0,0.0,-9.0,0.0,113.8474602230546
RLDataCoach,298.0,850.12,2635.93,17.01,0.0033366818,0.0034499725,-0.6976766,0.71639675,5632.0,-197890.0,3.0,0.0,-29.0,2299.0,118.78207672826738
RLDataCoach,298.0,858.52,2484.85,17.01,0.0032827337,0.0034931307,-0.6681993,0.7439669,16887.0,-204126.0,4.0,0.0,-7.0,14905.0,122.89399528845988
RLDataCoach,298.0,879.93,2311.82,43.27,0.004728539,0.005667234,-0.61647385,0.78734076,29051.0,-210986.0,33926.0,3041.0,652.0,14707.0,129.39709988357544
RLDataCoach,298.0,907.9,2113.73,71.23,0.030499566,0.03981107,-0.57844037,0.8141815,31823.0,-220261.0,27526.0,13889.0,4243.0,6379.0,134.54629376300187
RLDataCoach,298.0,906.31,1883.73,88.78,0.32720375,0.107386544,-0.5513098,0.75991005,133.0,-229670.0,12307.0,40297.0,-34609.0,-14259.0,137.99972457102947
RLDataCoach,298.0,907.68,1710.88,93.36,0.53421366,0.028330859,-0.52634805,0.6608864,3271.0,-229976.0,-569.0,30669.0,-39845.0,-22286.0,137.99997884086795
RLDataCoach,298.0,912.26,1518.81,91.19,0.7131245,-0.09234577,-0.47909486,0.5033823,7382.0,-229861.0,-2998.0,27940.0,-39214.0,-26581.0,137.99942771490032
RLDataCoach,298.0,920.36,1327.61,91.4,0.8298431,-0.21841727,-0.41089892,0.3079227,11401.0,-227860.0,6803.0,26402.0,-37584.0,-30254.0,136.9478716723995
RLDataCoach,298.0,930.76,1155.33,92.74,0.8807414,-0.31668925,-0.336499,0.10378282,15711.0,-229455.0,-1792.0,30335.0,-35820.0,-28663.0,137.99953540356577
RLDataCoach,298.0,949.54,925.52,90.1,0.882297,-0.40949088,-0.15890703,-0.16916797,21341.0,-228991.0,-2688.0,15667.0,-46501.0,-24841.0,137.9994022239227
RLDataCoach,298.0,969.53,734.33,88.08,0.82203174,-0.4586161,0.07731578,-0.32856864,25978.0,-228518.0,-2148.0,4939.0,-47984.0,-26421.0,137.99993049389553
RLDataCoach,293.0,-1815.47,-1781.77,86.77,0.29323256,0.9317031,-0.13931847,0.16289377,-104849.0,204695.0,-2508.0,-41466.0,28251.0,-22525.0,137.99953811661834
RLDataCoach,293.0,-1886.63,-1645.45,85.09,0.32464662,0.88049835,-0.33624005,0.07918246,-107687.0,203217.0,-2466.0,-35888.0,33865.0,-24292.0,137.99963506125655
RLDataCoach,293.0,-1978.15,-1476.33,82.95,0.36913228,0.76641923,-0.5167884,-0.0962948,-110707.0,201568.0,-3759.0,-24176.0,37653.0,-31980.0,137.99977637460142
RLDataCoach,293.0,-2071.61,-1308.28,76.55,-0.37848148,-0.6268481,0.63899624,0.23557821,-112354.0,200404.0,-10709.0,-28990.0,39272.0,-25342.0,137.9998267994565
RLDataCoach,293.0,-2156.46,-1157.69,66.01,-0.3531528,-0.47256172,0.73325783,0.33808506,-112858.0,199718.0,-16595.0,-29876.0,41227.0,-20801.0,137.99948049423952
RLDataCoach,293.0,-2250.51,-991.33,49.59,-0.2928118,-0.28036594,0.80815417,0.4272506,-112666.0,199288.0,-22143.0,-29008.0,43217.0,-17769.0,137.9995394979273
RLDataCoach,293.0,-2334.66,-841.95,32.88,-0.17555004,-0.11598585,0.8443033,0.49283,-111995.0,199171.0,-22267.0,-9607.0,52956.0,-11326.0,137.74905865304487
RLDataCoach,293.0,-2417.88,-692.15,18.24,-0.021905655,-0.0044803787,0.846763,0.5315001,-109297.0,200578.0,-13231.0,-1259.0,32502.0,-7690.0,137.28391732260556
RLDataCoach,293.0,-2506.01,-523.63,16.15,0.0008065221,0.006557375,0.833106,0.55307394,-102341.0,203706.0,1152.0,231.0,-1812.0,-5074.0,136.78308029708936
RLDataCoach,293.0,-2586.83,-352.06,16.8,-0.0026569373,0.0036333955,0.82377374,0.5669009,-92423.0,207685.0,452.0,37.0,-592.0,-3204.0,136.3931772666067
RLDataCoach,293.0,-2652.52,-194.94,16.97,-0.003563263,0.0029698354,0.81847477,0.57452375,-84050.0,210800.0,125.0,-3.0,-158.0,-1942.0,136.16306740449113
RLDataCoach,293.0,-2719.45,-18.18,17.01,-0.0038168186,0.0028241759,0.8152245,0.5791255,-77766.0,213030.0,28.0,-4.0,-35.0,-933.0,136.06821700309004
RLDataCoach,289.0,-1049.72,4168.08,17.01,0.0017290323,0.0044749836,-0.35425335,0.9351372,143644.0,-126864.0,3.0,-5.0,5.0,-56.0,114.9874182976555
RLDataCoach,289.0,-939.73,4070.82,17.01,0.0017236375,0.0044749836,-0.35436127,0.9350963,149111.0,-131898.0,3.0,-5.0,5.0,-16.0,119.44547787270977
RLDataCoach,289.0,-812.65,3958.37,17.01,0.0017236375,0.0044749836,-0.35439363,0.93508404,155261.0,-137409.0,3.0,-4.0,4.0,-3.0,124.40014512837193
RLDataCoach,289.0,-625.49,3794.04,17.01,0.0017182427,0.0044749836,-0.34343135,0.93916553,166548.0,-141741.0,3.0,25.0,-21.0,9140.0,131.21870698128373
RLDataCoach,289.0,-524.99,3712.29,34.95,0.0017398219,0.004469589,-0.30715662,0.95164686,176011.0,-139280.0,31932.0,64.0,-55.0,14820.0,136.02734847154815
RLDataCoach,289.0,-390.86,3606.51,59.17,-0.001815349,-0.00715624,-0.24613582,0.9692072,179301.0,-140872.0,30100.0,-1159.0,-1567.0,15739.0,137.9997117192641
RLDataCoach,289.0,-228.69,3445.65,82.22,0.14926651,0.08074156,-0.19556484,0.9658958,149687.0,-173780.0,17153.0,52455.0,16475.0,1402.0,137.9998849277781
RLDataCoach,289.0,-102.0,3301.49,92.61,0.40602738,0.17397477,-0.19299147,0.8761443,153206.0,-171347.0,8238.0,52655.0,-3684.0,-15452.0,137.99965759392302
RLDataCoach,289.0,40.78,3145.65,92.45,0.66359216,0.13422035,-0.21322204,0.704391,157102.0,-167964.0,-2592.0,49763.0,-9036.0,-21608.0,137.99955934364428
RLDataCoach,289.0,173.73,3006.87,90.25,0.8408927,0.0754276,-0.21860608,0.4893072,160700.0,-164524.0,-2663.0,49553.0,-9108.0,-22055.0,137.99964540606615
RLDataCoach,289.0,295.95,2884.47,88.28,0.94227594,0.016705072,-0.20878212,0.26124135,163966.0,-161271.0,-2572.0,49584.0,-9021.0,-22022.0,137.99973884453547
RLDataCoach,289.0,434.6,2751.42,86.18,0.98118365,-0.047816947,-0.18664719,-0.012448535,167500.0,-157598.0,-2471.0,50184.0,-6591.0,-21517.0,137.99932883967224
RLDataCoach,289.0,561.86,2634.24,84.35,0.94674367,-0.09497307,-0.16128077,-0.262002,170515.0,-154332.0,-2437.0,50390.0,-8237.0,-20444.0,137.99957010976516
RLDataCoach,283.0,-918.86,-1929.33,86.38,0.18450002,0.9320201,0.18087472,0.254131,-125167.0,192946.0,-2207.0,-42685.0,25290.0,-23734.0,137.999749113685
RLDataCoach,283.0,-1024.95,-1769.0,84.31,0.24820203,0.94756293,-0.08058507,0.18446225,-128309.0,190867.0,-2523.0,-42012.0,28710.0,-20870.0,137.99970873751872
RLDataCoach,283.0,-1133.63,-1610.38,82.29,0.2993072,0.898985,-0.31870154,0.02589241,-131315.0,188815.0,-2260.0,-27480.0,40575.0,-24968.0,137.9997926737573
RLDataCoach,283.0,-1255.7,-1437.55,80.19,0.3424171,0.7740435,-0.49580258,-0.19438876,-133489.0,187263.0,-3603.0,-23917.0,42028.0,-26202.0,137.9996424764934
RLDataCoach,283.0,-1367.62,-1281.14,74.72,0.33643427,0.6311336,-0.61429435,-0.33335385,-133811.0,186858.0,-8851.0,-28350.0,43661.0,-17746.0,137.99952532874886
RLDataCoach,283.0,-1479.12,-1125.3,64.94,-0.29006582,-0.457289,0.717277,0.43847725,-133554.0,186716.0,-14141.0,-28366.0,45635.0,-11737.0,137.99935232848014
RLDataCoach,283.0,-1579.21,-985.3,52.32,-0.22019756,-0.28409377,0.78429824,0.50564814,-133275.0,186488.0,-18966.0,-26799.0,47240.0,-8664.0,137.99962033643428
RLDataCoach,283.0,-1689.95,-829.88,34.09,-0.13538562,-0.10748365,0.81696707,0.55016613,-131795.0,186830.0,-23947.0,-19136.0,42616.0,-9048.0,137.93324002661578
RLDataCoach,283.0,-1803.11,-655.73,16.95,-0.006800183,0.01490321,0.80411166,0.5942526,-112460.0,193768.0,-8058.0,7020.0,16523.0,-11232.0,134.51007205291356
RLDataCoach,283.0,-1884.02,-490.69,16.32,-0.0011409995,0.0047932765,0.77932554,0.6265999,-83953.0,201303.0,930.0,111.0,-1306.0,-8573.0,130.86585807795706
RLDataCoach,283.0,-1940.93,-320.32,16.84,-0.0030291781,0.00337984,0.76071113,0.6490747,-56292.0,206594.0,369.0,-51.0,-256.0,-5704.0,128.4756874041155
RLDataCoach,283.0,-1981.12,-129.26,17.01,-0.0034499725,0.003223391,0.7484814,0.663139,-35254.0,209569.0,66.0,-19.0,-43.0,-2805.0,127.50813804569495
RLDataCoach,277.0,3248.74,2292.99,17.02,0.0033690503,0.0034176037,-0.6988203,0.7152812,5032.0,-216047.0,-11.0,0.0,8.0,0.0,129.66335583903418
RLDataCoach,277.0,3253.02,2109.17,17.02,0.0033690503,0.0034176037,-0.6988203,0.7152812,5222.0,-224307.0,-11.0,0.0,8.0,0.0,134.62066659855756
RLDataCoach,277.0,3257.46,1918.7,17.02,0.0033690503,0.0034176037,-0.6988203,0.7152812,5352.0,-229937.0,-11.0,0.0,8.0,0.0,137.99956694801617
RLDataCoach,277.0,3261.51,1745.63,17.02,0.0033690503,0.0034176037,-0.6988203,0.7152812,5352.0,-229937.0,-11.0,0.0,8.0,0.0,137.99956694801617
RLDataCoach,277.0,3268.94,1553.77,21.92,0.003352866,0.0034283933,-0.6782013,0.73486054,13980.0,-227675.0,29470.0,0.0,-54.0,13021.0,137.99977424981535
RLDataCoach,277.0,3286.98,1344.9,50.76,1.8881788e-05,-0.0004774395,-0.6226671,0.78248674,20845.0,-226845.0,31725.0,-992.0,-155.0,15921.0,137.99953522747822
RLDataCoach,277.0,3297.68,1154.81,73.47,0.0355276,0.016931653,-0.58336586,0.81125546,-21912.0,-228059.0,20215.0,41181.0,-17380.0,7581.0,137.9995949341881
RLDataCoach,277.0,3282.56,982.89,85.83,0.2883071,0.03409798,-0.5558037,0.7789728,-18609.0,-228871.0,13094.0,38234.0,-38793.0,-7626.0,137.99958568372585
RLDataCoach,277.0,3267.7,772.11,91.62,0.5453432,-0.0807577,-0.50863147,0.6613418,-14026.0,-229569.0,-1013.0,28777.0,-44241.0,-15477.0,137.9995833985016
RLDataCoach,277.0,3256.71,541.77,89.22,0.7558528,-0.21951781,-0.41252822,0.45860532,-8225.0,-229838.0,-2609.0,28287.0,-44088.0,-16761.0,137.9999527173832
RLDataCoach,277.0,3252.51,368.88,87.3,0.855514,-0.3116289,-0.31456366,0.26838943,-3437.0,-229960.0,-2504.0,28819.0,-43115.0,-18317.0,137.99958858851718
RLDataCoach,277.0,3251.98,195.91,85.47,0.898235,-0.38406512,-0.2063113,0.05570962,1466.0,-229982.0,-2381.0,31494.0,-40904.0,-18971.0,137.99939822607922
RLDataCoach,273.0,516.33,-4107.6,89.2,-0.41445413,0.46273234,0.7836493,-0.00055296667,-227379.0,34495.0,-2955.0,-41713.0,-23380.0,-27171.0,137.99980003159422
RLDataCoach,273.0,326.49,-4080.78,87.82,-0.41495585,0.65233153,0.6295778,0.076857224,-224159.0,30061.0,11351.0,-29785.0,-11014.0,-33331.0,135.8702168728673
RLDataCoach,273.0,156.35,-4059.7,92.84,-0.36345154,0.7911691,0.46680543,0.15507132,-228453.0,26498.0,2650.0,-38228.0,-19749.0,-34256.0,137.9999213647602
RLDataCoach,273.0,-111.25,-4032.53,90.63,-0.27505746,0.9124234,0.14631017,0.26536834,-229071.0,20434.0,-2939.0,-40673.0,-20447.0,-30863.0,137.99962058817408
RLDataCoach,273.0,-264.46,-4020.16,88.68,-0.2148135,0.93496156,-0.06753501,0.27411872,-229353.0,16998.0,-2838.0,-45998.0,-5481.0,-29649.0,137.9997193784103
RLDataCoach,273.0,-475.51,-4006.84,86.32,-0.116509184,0.910599,-0.35148582,0.18355593,-229647.0,12525.0,-2313.0,-45038.0,4475.0,-31249.0,137.99996113434233
RLDataCoach,273.0,-667.6,-3997.74,81.81,-0.03960607,0.82937384,-0.5467081,0.10807708,-229639.0,9757.0,-8391.0,-48842.0,-1458.0,-25245.0,137.99958032675315
RLDataCoach,273.0,-840.42,-3991.03,73.18,0.015906641,0.7092753,-0.70204103,0.061757185,-229430.0,8426.0,-13812.0,-51299.0,-3223.0,-19569.0,137.9998613738434
RLDataCoach,273.0,-1032.2,-3984.26,58.97,-0.06150363,-0.534095,0.8428706,-0.0230008,-229029.0,7929.0,-19565.0,-52825.0,-2432.0,-15117.0,137.99992318302208
RLDataCoach,273.0,-1242.64,-3976.85,38.17,-0.085532136,-0.3043729,0.94860095,0.014056226,-228576.0,8389.0,-24135.0,-53157.0,7456.0,-11986.0,137.99981911553363
RLDataCoach,273.0,-1414.06,-3969.89,22.18,-0.03147067,-0.098301664,0.9935769,0.04638193,-228446.0,10704.0,-17767.0,-50366.0,21122.0,-6487.0,137.63144283033583
RLDataCoach,273.0,-1641.9,-3953.72,16.19,-0.002932072,0.0067084297,0.9973185,0.07281652,-227237.0,20808.0,849.0,515.0,-250.0,-4121.0,136.91356843001353
RLDataCoach,267.0,-917.94,4201.28,95.36,0.8562065,0.26671705,-0.13435522,0.42156988,228217.0,-28455.0,-2688.0,46026.0,16276.0,-25331.0,137.99988451038644
RLDataCoach,267.0,-726.98,4179.26,93.16,0.94164616,0.21579,-0.19173448,0.17313318,228661.0,-24638.0,-2633.0,45882.0,17420.0,-24825.0,137.99976085283623
RLDataCoach,267.0,-497.37,4156.96,90.52,0.9504481,0.14220464,-0.2327513,-0.14917481,229094.0,-20220.0,-2579.0,48279.0,8734.0,-24855.0,137.99942670793962
RLDataCoach,267.0,-286.51,4140.24,88.32,0.88767403,0.042637944,-0.14034349,-0.43648657,229383.0,-16681.0,-2191.0,44025.0,-7829.0,-32022.0,137.99950034387803
RLDataCoach,267.0,-132.99,4129.65,85.29,0.80901045,-0.019192073,-0.067200534,-0.5836248,229389.0,-15296.0,-6812.0,47737.0,-4474.0,-26945.0,137.99958819199426
RLDataCoach,267.0,39.65,4118.38,77.84,-0.68089336,0.070351094,0.007199356,0.7289603,229189.0,-14883.0,-12272.0,50812.0,-3434.0,-20766.0,137.9996131220664
RLDataCoach,267.0,231.22,4105.72,64.87,-0.49855933,0.10617811,-0.043722298,0.85921663,228762.0,-15450.0,-18142.0,52380.0,-4876.0,-16048.0,137.9998530103565
RLDataCoach,267.0,441.11,4091.05,45.01,-0.2649044,0.12179613,-0.087571375,0.95253485,228151.0,-16270.0,-24126.0,52636.0,-8005.0,-13795.0,137.99955075187742
RLDataCoach,267.0,593.07,4079.73,28.07,-0.08590978,0.09156892,-0.122454256,0.9844997,227767.0,-17687.0,-25409.0,46267.0,-26626.0,-13042.0,137.9168273780977
RLDataCoach,267.0,781.64,4060.69,15.85,0.014471626,0.0027054904,-0.16949704,0.9854207,224288.0,-29048.0,-2421.0,-6084.0,-3691.0,-10905.0,135.7045010898312
RLDataCoach,267.0,947.02,4031.5,16.36,0.003967873,0.003164048,-0.20599301,0.9785403,216882.0,-47737.0,1015.0,-1082.0,721.0,-9096.0,133.24546969589622
RLDataCoach,267.0,1122.58,3980.63,16.87,0.0017452167,0.004221428,-0.23819467,0.97120667,205310.0,-71907.0,323.0,-204.0,202.0,-6917.0,130.5229870485655
RLDataCoach,264.0,3574.11,658.75,17.01,-0.0034769464,-0.003304313,0.71631265,-0.69776297,-3430.0,-217434.0,1.0,0.0,13.0,-870.0,130.4766313656204
RLDataCoach,264.0,3570.37,492.61,17.01,-0.0034661568,-0.0033151025,0.7176135,-0.696425,-5922.0,-224800.0,1.0,0.0,8.0,-291.0,134.92679359786177
RLDataCoach,264.0,3565.44,321.1,17.01,-0.0034661568,-0.0033151025,0.7180478,-0.6959773,-6893.0,-229896.0,1.0,0.0,8.0,-98.0,137.99958817242896
RLDataCoach,264.0,3563.6,128.95,19.45,0.003406814,0.0033744453,-0.6929885,0.72093266,3687.0,-228109.0,29195.0,0.0,-18.0,13952.0,137.99955374927848
RLDataCoach,264.0,3573.94,-80.54,47.22,0.0032395753,0.0034769464,-0.6388623,0.7693064,13227.0,-227798.0,28861.0,1682.0,271.0,14680.0,137.99979085288498
RLDataCoach,264.0,3572.57,-309.09,70.44,0.103178605,0.0372917,-0.59863317,0.79347456,-31281.0,-227267.0,16463.0,48355.0,-26183.0,1103.0,137.99976602458426
RLDataCoach,264.0,3550.35,-480.43,79.7,0.34992135,0.015011106,-0.57494456,0.739438,-28047.0,-228117.0,8708.0,29534.0,-44195.0,-14122.0,137.9997771676462
RLDataCoach,264.0,3528.72,-671.39,81.95,0.56249326,-0.12013988,-0.53611803,0.6178553,-24069.0,-228729.0,-1908.0,22510.0,-46005.0,-20045.0,137.99988608603994
RLDataCoach,264.0,3507.36,-900.77,80.29,0.74198586,-0.28440127,-0.44352138,0.41456205,-19119.0,-226619.0,8192.0,5340.0,-43958.0,-22158.0,136.54293766782666
RLDataCoach,264.0,3494.54,-1072.74,83.25,0.8165327,-0.406664,-0.3313092,0.24110787,-15322.0,-229488.0,522.0,19921.0,-47298.0,-19773.0,137.99971084143618
RLDataCoach,264.0,3483.75,-1264.68,81.75,0.8505214,-0.48841706,-0.19483113,0.0101449145,-10965.0,-229726.0,-2303.0,23844.0,-46322.0,-17623.0,137.99943927277386
RLDataCoach,264.0,3477.1,-1437.59,80.04,0.8310586,-0.5229763,-0.02327054,-0.18787181,-7124.0,-229878.0,-2223.0,7875.0,-51629.0,-17245.0,137.99946259330142
RLDataCoach,261.0,782.96,-3792.49,109.63,-0.2783051,0.93886644,0.013824251,0.20220043,-229464.0,15603.0,-1609.0,-43161.0,-23982.0,-24226.0,137.99969972054288
RLDataCoach,261.0,610.79,-3780.9,108.46,-0.21266638,0.91896296,-0.21821767,0.2503222,-229483.0,15321.0,-1605.0,-42926.0,-26638.0,-21742.0,137.99968220180799
RLDataCoach,261.0,419.49,-3768.28,107.11,-0.1239594,0.83153284,-0.46778727,0.2726945,-229499.0,15015.0,-2162.0,-43361.0,-18389.0,-28400.0,137.9998897434342
RLDataCoach,261.0,247.34,-3757.12,103.39,-0.047935635,0.72762734,-0.63260436,0.26090685,-229413.0,14762.0,-7185.0,-44514.0,-20194.0,-25212.0,137.99982448423623
RLDataCoach,261.0,56.19,-3744.93,94.85,-0.030774742,-0.57005143,0.78380847,-0.24441488,-229188.0,14505.0,-12744.0,-45789.0,-20360.0,-22665.0,137.99992683258927
RLDataCoach,261.0,-153.79,-3731.76,80.12,-0.10698193,-0.35787326,0.90182346,-0.2172466,-228784.0,14239.0,-18838.0,-46850.0,-19560.0,-21153.0,137.9996582878378
RLDataCoach,261.0,-344.31,-3719.99,61.89,-0.15901491,-0.14119047,0.95968515,-0.18380412,-228278.0,13999.0,-24354.0,-49411.0,-14799.0,-19090.0,137.99991469693015
RLDataCoach,261.0,-534.37,-3708.46,39.39,-0.16035287,0.083600804,0.9725247,-0.14660685,-227847.0,13587.0,-27993.0,-48016.0,2850.0,-17046.0,137.97713292324926
RLDataCoach,261.0,-724.03,-3698.4,22.45,-0.025849251,0.15780649,0.9797326,-0.1206362,-227044.0,9368.0,-9817.0,20209.0,26715.0,-11409.0,136.46948342263187
RLDataCoach,261.0,-911.98,-3697.78,18.26,0.011277907,0.014503995,0.9973891,-0.06983859,-224410.0,-6817.0,-3548.0,22520.0,2330.0,-16669.0,134.7249302893863
RLDataCoach,261.0,-1080.05,-3703.9,16.92,-0.0012542902,-0.008736915,0.9999337,0.0073881736,-223955.0,-5537.0,-596.0,-1261.0,-3213.0,-23559.0,134.4145379771102
RLDataCoach,261.0,-1265.16,-3697.6,16.92,-0.005586354,-0.0017398219,0.9932349,0.11597506,-219265.0,21645.0,197.0,-1027.0,197.0,-27706.0,132.198512174835
RLDataCoach,258.0,-2843.63,-13.53,99.18,0.44575483,0.60748684,-0.5884208,-0.29329735,-11365.0,229625.0,-6544.0,-18677.0,44280.0,-26746.0,137.99951450262424
RLDataCoach,258.0,-2853.19,177.8,91.21,-0.40454382,-0.44246942,0.6794921,0.4229132,-11533.0,229396.0,-12019.0,-19536.0,46952.0,-20946.0,137.99998860782563
RLDataCoach,258.0,-2861.89,349.79,80.14,-0.33448136,-0.2777872,0.7397216,0.5135839,-11630.0,229080.0,-16934.0,-18330.0,48733.0,-17721.0,137.99956128973741
RLDataCoach,258.0,-2875.53,616.76,55.6,-0.17537741,-0.014989484,0.77813244,0.6029328,-11727.0,228383.0,-24564.0,-11598.0,49510.0,-13531.0,137.9996182351241
RLDataCoach,258.0,-2882.4,749.91,40.01,-0.09626243,0.08744729,0.7732924,0.6205685,-11883.0,227934.0,-28362.0,-8784.0,37288.0,-9851.0,137.99937011464945
RLDataCoach,258.0,-2894.52,939.38,20.15,0.013112137,0.069806226,0.7823019,0.61883676,-18847.0,226454.0,-16025.0,32648.0,-7943.0,4871.0,136.68076929107474
RLDataCoach,258.0,-2919.34,1125.81,16.1,-0.002214564,0.0023871975,0.79838806,0.6021344,-38829.0,221275.0,599.0,899.0,-3447.0,4854.0,134.79407717002996
RLDataCoach,258.0,-2964.31,1325.85,16.8,-0.0040434,0.001842323,0.8087859,0.58808637,-56704.0,215843.0,455.0,-209.0,174.0,2972.0,133.90052451129532
RLDataCoach,258.0,-3016.73,1504.0,16.99,-0.0039516883,0.0025112778,0.8140074,0.58083564,-67097.0,212374.0,97.0,-67.0,69.0,1531.0,133.63271968286807
RLDataCoach,258.0,-3069.28,1662.51,17.01,-0.0039355042,0.0026893062,0.8162191,0.57772285,-71921.0,210691.0,28.0,-19.0,19.0,676.0,133.576937613347
RLDataCoach,258.0,-3130.36,1837.68,17.01,-0.0039355042,0.002743254,0.8171604,0.5763903,-74065.0,209926.0,27.0,-3.0,6.0,220.0,133.5651082985373
RLDataCoach,258.0,-3204.9,2047.44,17.01,-0.0039355042,0.002743254,0.8174799,0.57593715,-74774.0,209665.0,27.0,-2.0,5.0,51.0,133.55973588922674
RLDataCoach,255.0,-761.53,4187.4,85.51,0.94927067,0.25897554,-0.17743823,0.018237194,229623.0,-12938.0,-2418.0,44585.0,24966.0,-20343.0,137.99994873520785
RLDataCoach,255.0,-569.5,4178.71,83.51,0.9185214,0.19496061,-0.23014021,-0.2556253,229835.0,-8366.0,-2370.0,46255.0,20566.0,-21505.0,137.99965314869453
RLDataCoach,255.0,-396.53,4174.02,81.79,0.8377982,0.108158,-0.2055938,-0.49409238,229942.0,-4644.0,-2195.0,45368.0,10110.0,-29402.0,137.9996192929531
RLDataCoach,255.0,-165.78,4171.31,76.38,-0.6863637,-0.0026515424,0.14625622,0.71239525,229814.0,-1365.0,-9137.0,47967.0,11479.0,-24337.0,137.99976859545814
RLDataCoach,255.0,26.32,4170.91,65.64,-0.5137511,0.06390971,0.10959841,0.8485066,229452.0,126.0,-15865.0,50106.0,10703.0,-19993.0,137.9999144412778
RLDataCoach,255.0,198.9,4171.35,51.16,-0.33055395,0.10939341,0.07885338,0.9341035,228950.0,876.0,-21928.0,51235.0,9012.0,-17853.0,137.99961790381886
RLDataCoach,255.0,390.09,4172.16,30.75,-0.1033458,0.10718154,0.041958198,0.9879632,228626.0,1069.0,-23855.0,51253.0,-15829.0,-12146.0,137.92178435011635
RLDataCoach,255.0,561.54,4173.34,16.99,0.019397074,0.012977268,0.016041512,0.999599,228557.0,2202.0,-9271.0,7301.0,-18468.0,-6204.0,137.2533310992487
RLDataCoach,255.0,732.92,4175.49,16.26,0.0025652258,0.0036441851,-0.001205737,0.99998933,228533.0,2755.0,985.0,-1559.0,361.0,-3653.0,137.13103675696468
RLDataCoach,255.0,923.32,4176.39,16.84,0.00038033316,0.004464194,-0.0123028755,0.9999143,228478.0,-651.0,393.0,-159.0,110.0,-1979.0,137.08755926137135
RLDataCoach,255.0,1132.69,4173.38,17.01,0.0001429621,0.004712355,-0.018528514,0.9998172,228330.0,-5346.0,67.0,-18.0,27.0,-937.0,137.03555129162652
RLDataCoach,255.0,1322.91,4167.47,17.01,0.00012677771,0.0047770925,-0.02112341,0.99976546,228211.0,-8249.0,27.0,-5.0,7.0,-414.0,137.01602318838476
RLDataCoach,255.0,1494.03,4160.67,17.01,0.00012677771,0.0047770925,-0.022110658,0.9997441,228150.0,-9561.0,27.0,-4.0,4.0,-167.0,137.01014904743369
RLDataCoach,248.0,1424.21,-4304.98,109.88,-0.29795843,0.818516,0.47208694,0.13559602,-165948.0,108161.0,-1628.0,-46873.0,-14607.0,-24789.0,118.85482221281558
RLDataCoach,248.0,1271.85,-4205.95,108.34,-0.24442028,0.93021744,0.19661681,0.1905153,-166429.0,107928.0,-1619.0,-45173.0,-18153.0,-25589.0,119.02053225792598
RLDataCoach,248.0,1146.86,-4125.09,107.17,-0.1892259,0.9521568,-0.047768395,0.23517899,-166833.0,107735.0,-1616.0,-46880.0,-15426.0,-24275.0,119.16110508551016
RLDataCoach,248.0,979.72,-4017.49,105.61,-0.08848849,0.90253603,-0.38080123,0.18052405,-167400.0,107488.0,-1595.0,-46589.0,808.0,-29218.0,119.36679061129188
RLDataCoach,248.0,853.98,-3936.93,104.16,-0.004221428,0.8083853,-0.5805767,0.09708779,-167873.0,107375.0,-3231.0,-47045.0,1198.0,-28464.0,119.58102977228451
RLDataCoach,248.0,713.84,-3847.43,98.94,-0.05954528,-0.66716355,0.74174273,-0.034130305,-168419.0,107344.0,-8722.0,-50574.0,-55.0,-21615.0,119.94563845826157
RLDataCoach,248.0,559.16,-3748.98,87.93,-0.102407105,-0.4821321,0.8698035,0.022434346,-169016.0,107389.0,-14765.0,-39579.0,4059.0,-17644.0,120.47427895082002
RLDataCoach,248.0,418.07,-3659.45,73.1,-0.11443215,-0.35764128,0.9227697,0.08656794,-169551.0,107486.0,-20265.0,-24120.0,8603.0,-18406.0,121.06247448288836
RLDataCoach,248.0,276.54,-3569.81,53.7,-0.097416915,-0.2757372,0.94177324,0.1659581,-170072.0,107647.0,-25750.0,-11640.0,16869.0,-17742.0,121.75037061742358
RLDataCoach,248.0,148.78,-3489.03,32.77,-0.060397655,-0.2230568,0.9438667,0.23603676,-170465.0,107710.0,-27750.0,-16477.0,14999.0,-14625.0,122.12590313688574
RLDataCoach,248.0,7.72,-3397.58,18.24,-0.021069461,-0.040560946,0.95744836,0.28496233,-167637.0,112346.0,-8446.0,-32597.0,21883.0,-6477.0,121.18681472982117
RLDataCoach,248.0,-117.41,-3312.41,16.32,-0.0026461477,0.0076309396,0.95484394,0.29699814,-166614.0,113878.0,763.0,491.0,-92.0,-1646.0,121.08857162275883
RLDataCoach,246.0,-2091.95,-1886.45,85.22,-0.11225265,0.81368667,0.5281553,0.21532606,-178086.0,142115.0,7676.0,-45742.0,16176.0,-25902.0,136.78186405704523
RLDataCoach,246.0,-2258.45,-1756.79,87.21,-0.027866948,0.94435245,0.262644,0.19606115,-182864.0,139490.0,-1737.0,-49767.0,8728.0,-21726.0,137.99963447560285
RLDataCoach,246.0,-2412.55,-1641.84,85.27,0.032376956,0.9829628,-0.00806796,0.18075064,-185553.0,135882.0,-2424.0,-51155.0,4849.0,-19610.0,137.99962109817545
RLDataCoach,246.0,-2568.46,-1529.74,83.44,0.08858559,0.9484607,-0.2858471,0.10424138,-187164.0,133665.0,-1731.0,-44606.0,22175.0,-23313.0,137.99959758463064
RLDataCoach,246.0,-2724.53,-1418.41,82.11,0.15966229,0.8442469,-0.5068026,-0.07004359,-187294.0,133484.0,-1563.0,-35158.0,29272.0,-30529.0,137.9993004256181
RLDataCoach,246.0,-2927.46,-1273.85,76.9,-0.2048655,-0.65968096,0.6832303,0.23674348,-187237.0,133332.0,-8026.0,-42057.0,29882.0,-19057.0,137.99939095822126
RLDataCoach,246.0,-3052.27,-1184.97,69.94,-0.1992225,-0.51446325,0.7752446,0.30762598,-187065.0,133246.0,-12316.0,-42777.0,31884.0,-13358.0,137.99934077712112
RLDataCoach,246.0,-3192.5,-1085.04,58.69,-0.16795953,-0.33165985,0.85329777,0.3656149,-186764.0,133135.0,-17140.0,-41809.0,34457.0,-9465.0,137.99934719976034
RLDataCoach,246.0,-3348.01,-974.11,41.94,-0.11100106,-0.11858618,0.89946544,0.40568212,-186316.0,132965.0,-22501.0,-37510.0,33333.0,-7405.0,137.99952793223605
RLDataCoach,246.0,-3516.19,-850.09,20.5,-0.021970393,0.045340735,0.89079815,0.4515974,-177551.0,139896.0,-17085.0,7062.0,21559.0,-15686.0,136.01239807870456
RLDataCoach,246.0,-3627.69,-752.15,15.97,-0.0005583614,0.009319511,0.86912,0.49451318,-158094.0,152801.0,-1432.0,7007.0,-7839.0,-13638.0,131.92349018260543
RLDataCoach,246.0,-3733.77,-630.86,16.53,-0.003433788,0.0028241759,0.84234655,0.5389179,-126413.0,168698.0,826.0,106.0,-438.0,-16902.0,126.48470206961788
RLDataCoach,242.0,-1384.22,4496.6,19.45,0.00026164763,0.0047932765,-0.015491201,0.9998685,227980.0,-8533.0,29188.0,28.0,-2.0,12422.0,137.99951978133834
RLDataCoach,242.0,-1174.54,4493.99,47.91,0.0001483569,0.0057265763,0.05662134,0.9983793,227873.0,-1198.0,31181.0,-135.0,2192.0,16563.0,137.99973142669518
RLDataCoach,242.0,-1021.85,4493.58,66.78,-0.0013729758,0.028584413,0.10117713,0.99445677,228539.0,-85.0,25878.0,-1557.0,10381.0,10801.0,137.99967734310104
RLDataCoach,242.0,-850.97,4474.81,81.3,0.07236875,0.17629454,0.11814916,0.97453773,226572.0,-36716.0,14730.0,23476.0,49651.0,-2925.0,137.99988096516606
RLDataCoach,242.0,-661.15,4445.69,89.24,0.27935174,0.3289409,0.07691656,0.8988016,227534.0,-33220.0,4969.0,43200.0,26301.0,-21607.0,137.99997458738895
RLDataCoach,242.0,-470.76,4419.71,88.72,0.5130282,0.36768648,0.006061054,0.77561074,228110.0,-29292.0,-2766.0,43712.0,21685.0,-25377.0,137.9997966781111
RLDataCoach,242.0,-279.94,4397.21,86.32,0.70963895,0.3692294,-0.06840357,0.59615695,228623.0,-24956.0,-2901.0,43554.0,21367.0,-25911.0,137.99960069420487
RLDataCoach,242.0,-89.84,4378.15,90.51,0.8558712,0.32620034,-0.12637088,0.38093072,229050.0,-20870.0,640.0,43500.0,20987.0,-26309.0,137.999829130329
RLDataCoach,242.0,82.57,4364.18,89.04,0.9267837,0.28422326,-0.19208515,0.15294577,229376.0,-16731.0,-2587.0,44763.0,21915.0,-23257.0,137.9999586599938
RLDataCoach,242.0,312.81,4350.41,86.52,0.94325334,0.21249379,-0.16990165,-0.19040197,229716.0,-11188.0,-2296.0,50020.0,659.0,-22859.0,137.9998481946991
RLDataCoach,242.0,485.63,4343.46,85.02,0.88886595,0.13754894,-0.07825451,-0.4299696,229844.0,-8283.0,-1685.0,48950.0,-3676.0,-24806.0,137.9996238907918
RLDataCoach,242.0,715.53,4335.27,81.41,0.75003046,0.050638426,0.023006193,-0.65906054,229766.0,-8132.0,-6407.0,52424.0,-475.0,-16625.0,137.9994702107222
RLDataCoach,227.0,3132.05,-729.39,49.06,0.0011409995,0.0013190277,0.7633448,-0.6459889,-62029.0,-206603.0,34162.0,-5105.0,993.0,19482.0,131.04120699169403
RLDataCoach,227.0,3080.35,-901.81,75.06,-0.018631015,-0.015210671,-0.7061033,0.7077002,-62074.0,-207152.0,28756.0,-1407.0,892.0,17809.0,130.89359969746417
RLDataCoach,227.0,3012.89,-1057.12,91.92,0.1497089,-0.00037493836,-0.664601,0.73204684,-97945.0,-207188.0,19279.0,43584.0,-33284.0,4185.0,137.98926507377303
RLDataCoach,227.0,2931.3,-1230.01,105.42,0.41431928,-0.028120503,-0.61897165,0.6666505,-97845.0,-207691.0,13661.0,23995.0,-47224.0,-14799.0,137.99454566655885
RLDataCoach,227.0,2849.83,-1403.3,107.51,0.6035387,-0.169961,-0.56503963,0.53626907,-97692.0,-208147.0,-1321.0,16638.0,-47436.0,-22314.0,137.96170622690917
RLDataCoach,227.0,2776.65,-1559.52,106.36,0.7260244,-0.2993827,-0.48771575,0.38130295,-97429.0,-208338.0,-1617.0,16222.0,-47060.0,-23390.0,137.99966996569228
RLDataCoach,227.0,2695.6,-1733.24,105.0,0.808189,-0.42222264,-0.36843637,0.18114446,-97091.0,-208495.0,-1618.0,16441.0,-46909.0,-23540.0,137.99927638505935
RLDataCoach,227.0,2622.9,-1889.7,103.83,0.82888365,-0.5037006,-0.24287197,-0.015836468,-96777.0,-208641.0,-1613.0,19388.0,-45767.0,-23546.0,137.99929092730872
RLDataCoach,227.0,2542.4,-2063.66,102.53,0.79750407,-0.5522054,-0.07082584,-0.23246537,-96426.0,-208804.0,-1608.0,8718.0,-49112.0,-23173.0,137.99956898541387
RLDataCoach,227.0,2446.18,-2272.61,100.97,0.67962277,-0.5771672,0.22136822,-0.39495188,-96014.0,-208994.0,-1578.0,-5370.0,-46422.0,-29001.0,137.9995699767213
RLDataCoach,227.0,2366.28,-2446.86,98.03,-0.5499827,0.55325294,-0.41526335,0.4679599,-95711.0,-209055.0,-5934.0,-2281.0,-49937.0,-22934.0,137.99974030671217
RLDataCoach,227.0,2294.58,-2603.67,91.53,0.41942275,-0.48788297,0.55097544,-0.5314893,-95455.0,-208977.0,-10809.0,-1942.0,-52324.0,-16833.0,137.9998409151257
RLDataCoach,225.0,606.9,-4287.04,29.46,-0.0047932765,0.00034256958,0.9999832,-0.003250365,-227992.0,-403.0,30316.0,-89.0,5.0,12540.0,137.99944477583958
RLDataCoach,225.0,416.31,-4288.24,55.85,-0.01618713,9.440894e-05,0.9984483,-0.05328192,-227987.0,-1695.0,30313.0,471.0,-7001.0,9245.0,137.9997693428507
RLDataCoach,225.0,225.75,-4283.27,77.27,-0.086913206,0.0118497545,0.9934483,-0.07325354,-226027.0,38172.0,18826.0,-18770.0,-47339.0,-1137.0,137.9996407677933
RLDataCoach,225.0,55.3,-4255.51,88.25,-0.26276806,0.1772602,0.94708574,-0.050600704,-226930.0,35844.0,10846.0,-44273.0,-28564.0,-15777.0,137.99954732795322
RLDataCoach,225.0,-115.68,-4229.62,92.36,-0.31221154,0.39717993,0.86299765,-0.002667727,-227589.0,33213.0,-80.0,-46986.0,-16692.0,-23208.0,137.99982089988376
RLDataCoach,225.0,-306.09,-4203.4,90.38,-0.31720176,0.61861557,0.71616244,0.06171942,-228036.0,29853.0,-2834.0,-46115.0,-15257.0,-25799.0,137.99954407881208
RLDataCoach,225.0,-496.61,-4180.09,88.83,-0.2913174,0.7925189,0.5209047,0.12532432,-226100.0,26429.0,7309.0,-46101.0,-9617.0,-28410.0,136.65403202218366
RLDataCoach,225.0,-687.28,-4159.5,90.52,-0.23568606,0.9111398,0.28711486,0.17844166,-228835.0,23047.0,-1753.0,-45751.0,-15024.0,-26571.0,137.99960144681577
RLDataCoach,225.0,-878.71,-4141.85,88.44,-0.17269081,0.9582721,0.029684952,0.22585669,-229152.0,19547.0,-2636.0,-45931.0,-16256.0,-25515.0,137.99957322847052
RLDataCoach,225.0,-1070.39,-4127.04,86.24,-0.10305448,0.9316147,-0.23197983,0.26011384,-229412.0,16217.0,-2630.0,-46666.0,-15435.0,-24678.0,137.99970486881483
RLDataCoach,225.0,-1262.0,-4114.71,86.19,-0.015955152,0.8477188,-0.48273635,0.21928044,-229589.0,13466.0,-2665.0,-44459.0,-3330.0,-32207.0,137.99940561002424
RLDataCoach,225.0,-1473.18,-4103.57,79.22,0.06527999,0.7143045,-0.6772896,0.16366524,-229436.0,11173.0,-11569.0,-47361.0,-5869.0,-27338.0,137.9994205892184
RLDataCoach,218.0,282.01,4259.65,103.99,0.9338909,0.24425843,-0.22116862,-0.13881676,225286.0,-46296.0,-1602.0,44180.0,26213.0,-19644.0,137.99956671584152
RLDataCoach,218.0,469.81,4221.23,102.69,0.86610615,0.15672752,-0.22496656,-0.41795537,225359.0,-45938.0,-1591.0,45717.0,13223.0,-27569.0,137.9993608759113
RLDataCoach,218.0,657.69,4183.08,100.69,0.75146544,0.056545813,-0.17524794,-0.6335538,225387.0,-45624.0,-4341.0,46473.0,12840.0,-26464.0,137.9996001202902
RLDataCoach,218.0,845.52,4145.18,94.55,-0.5993129,0.019564314,0.13975002,0.7879792,225270.0,-45349.0,-9838.0,48988.0,13302.0,-21170.0,137.99985775427453
RLDataCoach,218.0,1051.97,4103.73,82.51,-0.42626336,0.074969046,0.09489211,0.896479,224981.0,-45074.0,-15868.0,34041.0,3759.0,-18526.0,137.99988164473186
RLDataCoach,218.0,1220.63,4070.0,68.55,-0.3257903,0.09358118,0.037982233,0.94003224,224622.0,-44869.0,-20774.0,22459.0,-2992.0,-19747.0,137.99977711416784
RLDataCoach,218.0,1445.02,4025.23,44.25,-0.23837271,0.07277336,-0.06098573,0.9665212,223974.0,-44647.0,-27241.0,11799.0,-14296.0,-19064.0,137.99971221622167
RLDataCoach,218.0,1649.76,3982.61,21.11,-0.10008195,0.026259257,-0.14217232,0.98441917,222035.0,-51546.0,-16942.0,48635.0,-21954.0,-13327.0,137.14110461054335
RLDataCoach,218.0,1831.58,3929.59,16.21,0.00815963,0.0028673343,-0.17686099,0.98419785,215592.0,-71099.0,173.0,1674.0,-1325.0,-4815.0,136.2079401130492
RLDataCoach,218.0,1991.84,3872.51,16.71,0.0044264304,0.0036765537,-0.18699245,0.9823445,212394.0,-79438.0,554.0,-1040.0,514.0,-1586.0,136.05840304281097
RLDataCoach,218.0,2203.07,3790.19,16.98,0.0015563988,0.0045073526,-0.19084974,0.9816077,210606.0,-83898.0,109.0,-228.0,120.0,-372.0,136.0211691890641
RLDataCoach,218.0,2377.61,3718.13,17.01,0.0010708671,0.0046584066,-0.20979095,0.97773457,207554.0,-90449.0,28.0,-76.0,40.0,-11141.0,135.84361121657508
RLDataCoach,216.0,3370.6,1805.55,17.01,0.0030561523,0.003698133,-0.629648,0.7768657,46103.0,-216499.0,3.0,2.0,-13.0,2867.0,132.81200737448404
RLDataCoach,216.0,3409.2,1641.06,17.01,0.0029698354,0.0037682655,-0.6037151,0.7971857,56881.0,-221247.0,3.0,-1.0,5.0,11505.0,137.06511570943206
RLDataCoach,216.0,3467.58,1439.59,42.71,0.0041674804,0.0060664485,-0.57223636,0.8200557,65436.0,-218075.0,32574.0,2840.0,1088.0,4136.0,137.99953199529335
RLDataCoach,216.0,3522.68,1256.91,66.86,0.023917915,0.035263255,-0.5718749,0.8192335,66228.0,-218742.0,25801.0,12073.0,4819.0,-3449.0,137.99987236820184
RLDataCoach,216.0,3539.34,1008.7,84.86,0.3291621,0.010819265,-0.57076895,0.75216895,12485.0,-229394.0,11061.0,27683.0,-45183.0,-14732.0,137.99977588938324
RLDataCoach,216.0,3551.06,816.86,88.95,0.55057615,-0.122799516,-0.5283117,0.6345651,15351.0,-229484.0,-1163.0,24242.0,-46591.0,-16325.0,137.99988525125664
RLDataCoach,216.0,3563.85,644.3,87.22,0.70990056,-0.23837811,-0.4519535,0.48472163,18363.0,-229251.0,-2548.0,24222.0,-46802.0,-15742.0,137.99962574818815
RLDataCoach,216.0,3582.84,433.68,84.92,0.8399847,-0.35625482,-0.31644112,0.25956357,22614.0,-228872.0,-2447.0,24180.0,-46865.0,-15616.0,137.9997041592481
RLDataCoach,216.0,3605.91,223.46,82.77,0.8854227,-0.4386499,-0.15354459,0.0060718437,27181.0,-228377.0,-2242.0,26736.0,-45223.0,-16277.0,137.99985320079148
RLDataCoach,216.0,3635.81,-5.33,80.6,0.83479786,-0.46872598,0.022126842,-0.28795645,31978.0,-227755.0,-2145.0,24942.0,-46308.0,-16074.0,137.99939156474568
RLDataCoach,216.0,3661.26,-176.53,79.05,0.7257598,-0.46831596,0.20455796,-0.46055284,35165.0,-227287.0,-1946.0,15430.0,-47458.0,-23120.0,137.99966675177154
RLDataCoach,216.0,3691.79,-366.45,76.77,-0.56523925,0.44382352,-0.38355798,0.5800074,37326.0,-226899.0,-4837.0,15300.0,-48294.0,-21414.0,137.99971701623159
RLDataCoach,204.0,3153.39,2263.25,97.4,0.99979055,-0.014681981,-0.01177958,-0.008035592,166016.0,-159173.0,-1561.0,48702.0,-25507.0,-1554.0,137.99972987712692
RLDataCoach,204.0,3305.74,2117.46,95.97,0.9422054,-0.019192073,0.14296532,-0.30239296,166288.0,-158889.0,-1516.0,47938.0,-26872.0,-2181.0,137.9996237225305
RLDataCoach,204.0,3472.19,1958.66,94.49,0.75691813,-0.024079759,0.30046168,-0.579843,166497.0,-158670.0,-1481.0,47754.0,-27156.0,-2649.0,137.99949556864328
RLDataCoach,204.0,3597.11,1839.68,91.44,-0.60509616,0.0124863405,-0.36078107,0.7096053,166514.0,-158541.0,-6128.0,47424.0,-27219.0,5920.0,137.99962599210187
RLDataCoach,204.0,3735.87,1707.6,83.96,-0.40867087,-0.025120955,-0.39173117,0.8239562,166400.0,-158377.0,-11293.0,45160.0,-29206.0,11513.0,137.99969475357545
RLDataCoach,204.0,3874.49,1575.66,72.18,-0.23641975,-0.06455708,-0.412949,0.8771609,166170.0,-158165.0,-16469.0,29745.0,-23139.0,908.0,137.9998227207557
RLDataCoach,204.0,3981.1,1460.57,71.98,-0.04991017,-0.24498133,-0.43414524,0.86545426,98108.0,-147041.0,35404.0,13897.0,-52341.0,9604.0,108.16600335576794
RLDataCoach,204.0,4033.39,1351.43,116.33,0.13922133,-0.40217552,-0.4040259,0.8097131,56929.0,-144056.0,68971.0,22165.0,-49477.0,9259.0,101.73502232014303
RLDataCoach,204.0,4066.41,1232.23,180.31,0.28312272,-0.50208753,-0.4017601,0.7115747,25201.0,-142843.0,80128.0,16592.0,-39214.0,-3381.0,99.42582861731653
RLDataCoach,204.0,4078.27,1124.05,237.96,0.3556452,-0.57230645,-0.38569975,0.63025194,7818.0,-145429.0,73790.0,6262.0,-26192.0,-2538.0,97.95940248592781
RLDataCoach,204.0,4080.15,1002.12,295.73,-0.3859695,0.5968553,0.37612393,-0.59440905,15.0,-146955.0,65412.0,6199.0,-6494.0,-861.0,96.51331886242436
RLDataCoach,204.0,4079.48,890.93,339.92,-0.4138769,0.57730824,0.40527213,-0.5754786,-866.0,-149381.0,53260.0,16164.0,1845.0,91.0,95.15640734138715
RLDataCoach,192.0,203.67,-3733.95,95.3,-0.20731474,0.76239026,0.5929902,0.15538421,-207109.0,99990.0,-2757.0,-49398.0,-3822.0,-23877.0,137.999659603928
RLDataCoach,192.0,47.2,-3660.24,93.24,-0.16432343,0.8879694,0.38802496,0.18424107,-208803.0,96404.0,-2691.0,-48811.0,-5482.0,-24746.0,137.99956370278855
RLDataCoach,192.0,-128.14,-3581.51,91.04,-0.10878919,0.96381986,0.12653276,0.20785958,-210608.0,92396.0,-2638.0,-50518.0,-679.0,-21734.0,137.99962111774076
RLDataCoach,192.0,-340.54,-3491.52,88.59,-0.04526521,0.9723658,-0.20265898,0.106701404,-212716.0,87446.0,-2176.0,-48369.0,17308.0,-19642.0,137.999523322655
RLDataCoach,192.0,-465.41,-3441.24,87.45,-0.003989452,0.9258386,-0.37769383,0.012421603,-213762.0,84867.0,-1747.0,-47279.0,19201.0,-20517.0,137.99954653229844
RLDataCoach,192.0,-644.66,-3371.45,85.61,0.046419695,0.8086929,-0.5766331,-0.10656114,-214641.0,82555.0,-3714.0,-49565.0,17581.0,-16098.0,137.9998443938253
RLDataCoach,192.0,-806.36,-3309.68,81.28,-0.065738544,-0.6709777,0.71811295,0.17257212,-214829.0,81819.0,-7336.0,-51559.0,17010.0,-8787.0,137.99956290974256
RLDataCoach,192.0,-1021.33,-3227.81,70.87,-0.06094257,-0.44118005,0.8661579,0.22675224,-214574.0,81738.0,-13287.0,-51485.0,19158.0,-2682.0,137.9995388979253
RLDataCoach,192.0,-1182.19,-3166.52,58.91,-0.04965118,-0.27932474,0.92630416,0.24793768,-214248.0,81677.0,-18066.0,-37101.0,13101.0,-2486.0,137.99963241994521
RLDataCoach,192.0,-1360.6,-3098.46,41.42,-0.04395967,-0.1501243,0.95283,0.26008683,-213769.0,81585.0,-23374.0,-25110.0,7979.0,-2054.0,137.9995323409467
RLDataCoach,192.0,-1554.03,-3019.48,20.04,-0.023189617,-0.032441735,0.96200776,0.2700942,-206167.0,94267.0,-16850.0,-19540.0,14721.0,-3920.0,136.39284366886702
RLDataCoach,192.0,-1687.93,-2950.91,15.94,-0.0041782698,0.005079201,0.95938694,0.28201678,-197211.0,108631.0,484.0,-358.0,923.0,-3271.0,135.0907787292678
RLDataCoach,192.0,-1848.76,-2855.03,16.68,-0.0042376127,0.0028727292,0.9564927,0.29171124,-190121.0,119419.0,644.0,437.0,-242.0,-1784.0,134.70942987660516
RLDataCoach,190.0,-3648.06,-1196.24,17.01,-0.0035470787,0.003223391,0.74410737,0.6680429,-38951.0,206344.0,27.0,-7.0,40.0,-13361.0,125.99289617974499
RLDataCoach,190.0,-3673.16,-984.94,17.01,-0.003406814,0.00337984,0.72257775,0.691273,-16289.0,216333.0,2.0,0.0,-8.0,-2888.0,130.1672287061532
RLDataCoach,190.0,-3681.46,-838.13,17.01,-0.003406814,0.00337984,0.71858597,0.6954216,-10179.0,223184.0,2.0,0.0,-10.0,-1085.0,134.04960113465464
RLDataCoach,190.0,-3690.07,-609.94,17.01,-0.003406814,0.00337984,0.720694,0.69323665,-9644.0,229797.0,3.0,0.0,30.0,6291.0,137.9995668958421
RLDataCoach,190.0,-3701.46,-438.38,34.61,-0.003406814,0.0033690503,0.7519564,0.6591954,-19372.0,227088.0,30912.0,0.0,77.0,14914.0,137.99972070232604
RLDataCoach,190.0,-3717.98,-248.58,61.42,-0.0023116702,0.002166011,0.7923161,0.6101026,-20290.0,227090.0,30305.0,-3246.0,-822.0,12617.0,137.99992855432933
RLDataCoach,190.0,-3723.35,-77.28,80.51,-0.03263595,0.06798278,0.8093153,0.58251345,20021.0,228309.0,19340.0,-51008.0,20309.0,3264.0,137.9998376372958
RLDataCoach,190.0,-3708.21,113.95,92.93,-0.031449094,0.34098747,0.75477624,0.55950993,16452.0,229156.0,10802.0,-31219.0,42630.0,-15265.0,137.99977023111305
RLDataCoach,190.0,-3696.23,305.73,96.31,0.10437625,0.5501877,0.6345421,0.53268695,12580.0,229649.0,-1673.0,-22703.0,44763.0,-22490.0,137.99963286472902
RLDataCoach,190.0,-3687.56,497.76,94.23,0.24713926,0.7063937,0.46217668,0.4757339,8578.0,229824.0,-2637.0,-22353.0,44186.0,-23933.0,137.99948716730796
RLDataCoach,190.0,-3681.55,728.35,91.59,0.39123484,0.81971365,0.20619258,0.36399096,3835.0,229953.0,-2624.0,-23436.0,43851.0,-23511.0,137.99996714347435
RLDataCoach,186.0,-1599.99,2858.05,29.66,0.0033582607,0.0034283933,-0.67535824,0.7374742,8781.0,-212667.0,31146.0,0.0,-25.0,17185.0,129.06895668502165
RLDataCoach,186.0,-1591.58,2695.49,54.52,0.010171888,0.011623173,-0.6290276,0.7772295,11812.0,-220252.0,32908.0,6675.0,1088.0,13947.0,133.8059236069913
RLDataCoach,186.0,-1583.83,2488.85,80.54,0.06829568,0.06575473,-0.5917494,0.80052775,-11189.0,-228783.0,20801.0,51859.0,-5518.0,3947.0,137.99939531737084
RLDataCoach,186.0,-1593.12,2258.88,95.53,0.36595476,0.10694957,-0.5623854,0.73373127,-7585.0,-229681.0,9431.0,35025.0,-38375.0,-18042.0,137.9997883654899
RLDataCoach,186.0,-1598.46,2028.4,96.96,0.6086526,-0.024613844,-0.5280582,0.5916847,-3299.0,-229959.0,-2814.0,25910.0,-41023.0,-25898.0,137.99992653650216
RLDataCoach,186.0,-1599.39,1855.51,94.72,0.74414855,-0.13907032,-0.47807524,0.44536102,465.0,-229979.0,-3027.0,25233.0,-40425.0,-27460.0,137.9996339929929
RLDataCoach,186.0,-1597.72,1701.83,92.72,0.82820696,-0.23601514,-0.41580823,0.2923586,4102.0,-229944.0,-2947.0,25766.0,-39518.0,-28273.0,137.9996795852802
RLDataCoach,186.0,-1592.12,1509.78,90.31,0.879329,-0.34153238,-0.3223754,0.07880483,8807.0,-229813.0,-2840.0,28066.0,-37234.0,-29169.0,137.99953541400055
RLDataCoach,186.0,-1580.28,1279.5,87.51,0.8633541,-0.43037963,-0.17988747,-0.1924412,14350.0,-229535.0,-2769.0,22239.0,-41979.0,-27715.0,137.99987750342387
RLDataCoach,186.0,-1567.78,1106.97,85.53,0.8072273,-0.4805083,0.009546093,-0.3426437,18377.0,-229251.0,-2466.0,3714.0,-45482.0,-30701.0,137.99976037283542
RLDataCoach,186.0,-1550.72,915.43,82.8,0.70498556,-0.5097158,0.22646631,-0.43806186,21812.0,-228895.0,-5558.0,4367.0,-46724.0,-28682.0,137.99944660715127
RLDataCoach,186.0,-1531.52,724.14,75.38,0.5734501,-0.48643717,0.39269686,-0.5294554,23611.0,-228498.0,-11438.0,8833.0,-50065.0,-20986.0,137.999534567476
RLDataCoach,178.0,-855.36,-2129.36,107.22,-0.33911014,0.31144547,0.8745584,-0.15216352,-229658.0,-2054.0,12355.0,-40356.0,-33204.0,-17139.0,137.9995590058171
RLDataCoach,178.0,-1047.42,-2133.06,108.18,-0.40843892,0.5352387,0.73458606,-0.08414567,-229895.0,-6471.0,-2529.0,-40582.0,-32023.0,-18777.0,137.99997483521508
RLDataCoach,178.0,-1258.58,-2141.74,105.67,-0.44397455,0.7330171,0.51533717,0.00033717477,-229667.0,-12055.0,-2723.0,-40520.0,-31961.0,-19013.0,137.99956779454058
RLDataCoach,178.0,-1411.97,-2151.45,103.89,-0.44285783,0.8337325,0.32377806,0.06272825,-229391.0,-16513.0,-2577.0,-40382.0,-32040.0,-19175.0,137.99941431919194
RLDataCoach,178.0,-1603.41,-2167.89,101.84,-0.40898377,0.8975503,0.06757278,0.15023218,-228907.0,-22262.0,-2380.0,-35963.0,-36880.0,-19273.0,137.99957699022121
RLDataCoach,178.0,-1813.48,-2191.46,99.71,-0.33594334,0.8852893,-0.2391064,0.21501856,-228230.0,-28392.0,-2197.0,-45047.0,-21175.0,-23393.0,137.9998243994535
RLDataCoach,178.0,-2003.98,-2217.43,98.09,-0.22475615,0.8146634,-0.51059514,0.15843228,-227610.0,-33019.0,-1726.0,-44973.0,-12439.0,-29114.0,137.99940722090076
RLDataCoach,178.0,-2194.14,-2246.31,95.15,-0.122184515,0.70133555,-0.695427,0.097880825,-227179.0,-35448.0,-5717.0,-48190.0,-15247.0,-21684.0,137.9994036952334
RLDataCoach,178.0,-2364.69,-2273.15,88.94,0.05059527,-0.56238,0.8225905,-0.06718435,-226958.0,-35797.0,-10401.0,-45252.0,-14044.0,-15772.0,137.99939970391173
RLDataCoach,178.0,-2572.66,-2305.93,76.43,-0.018005218,-0.4189588,0.9070966,-0.036401518,-226624.0,-35712.0,-16312.0,-28738.0,-10084.0,-11945.0,137.99982477901918
RLDataCoach,178.0,-2761.41,-2335.65,60.38,-0.06802594,-0.3269664,0.9423289,-0.021948814,-226195.0,-35565.0,-21695.0,-19428.0,-10731.0,-4898.0,137.99963514082202
RLDataCoach,178.0,-2930.94,-2362.26,42.24,-0.10293579,-0.2636474,0.9583648,-0.03783114,-225818.0,-35385.0,-25572.0,-19729.0,-6019.0,1980.0,137.99973199930497
RLDataCoach,165.0,-2037.61,2736.45,48.84,0.0063469782,0.009346485,-0.57001907,0.82155377,47854.0,-222488.0,33301.0,4887.0,1760.0,9599.0,137.9998331229426
RLDataCoach,165.0,-1988.55,2512.82,77.77,0.039492775,0.05893031,-0.54931915,0.83259594,49829.0,-223151.0,24911.0,16218.0,6962.0,512.0,137.99981212552427
RLDataCoach,165.0,-1989.79,2340.24,90.07,0.26918247,0.06725988,-0.5436222,0.7921438,-265.0,-229640.0,12859.0,35009.0,-40083.0,-13878.0,137.99993961650853
RLDataCoach,165.0,-1988.34,2148.14,96.37,0.504348,-0.060543314,-0.5208669,0.68605053,3404.0,-229966.0,1913.0,26318.0,-44380.0,-19044.0,137.99948861774814
RLDataCoach,165.0,-1983.67,1955.97,94.87,0.6906125,-0.19688116,-0.45970586,0.5224584,7402.0,-229866.0,-2562.0,26029.0,-44468.0,-19235.0,137.9996496569466
RLDataCoach,165.0,-1975.53,1763.92,92.71,0.8200104,-0.3155887,-0.35807827,0.31585842,11708.0,-229687.0,-2536.0,26009.0,-44672.0,-18783.0,137.9995128630532
RLDataCoach,165.0,-1965.03,1591.23,90.85,0.87810975,-0.399791,-0.24007747,0.1070197,15739.0,-229448.0,-2414.0,25990.0,-44693.0,-18761.0,137.99990637518562
RLDataCoach,165.0,-1949.83,1399.59,88.9,0.87261486,-0.4591448,-0.09559887,-0.1363459,20155.0,-229103.0,-2283.0,29106.0,-43175.0,-17711.0,137.9995052899828
RLDataCoach,165.0,-1931.03,1208.24,87.0,0.7937333,-0.47316054,0.059971508,-0.377505,24341.0,-228697.0,-2225.0,23146.0,-45606.0,-20231.0,137.99967745397086
RLDataCoach,165.0,-1904.27,979.03,84.85,0.606397,-0.4667137,0.30148128,-0.5688322,28354.0,-228229.0,-2680.0,15459.0,-45288.0,-27109.0,137.9994888994883
RLDataCoach,165.0,-1882.18,807.36,80.33,-0.46212813,0.42961892,-0.42441833,0.6494107,29975.0,-227874.0,-8632.0,16481.0,-47821.0,-21598.0,137.99944164017475
RLDataCoach,165.0,-1856.66,616.92,70.11,-0.2838456,0.35029897,-0.5313706,0.71719426,30813.0,-227422.0,-15154.0,15210.0,-49806.0,-17689.0,137.9998053507323
RLDataCoach,155.0,-417.95,4051.34,64.26,-0.014358293,-0.5120086,0.84094226,-0.17451964,-224800.0,-45855.0,-16187.0,-48215.0,-18814.0,-18608.0,137.99966086132238
RLDataCoach,155.0,-605.74,4012.75,47.72,-0.07856202,-0.31122968,0.93499243,-0.1508418,-224159.0,-46260.0,-22634.0,-49159.0,-16846.0,-16349.0,137.99940369914646
RLDataCoach,155.0,-773.82,3977.89,29.43,-0.08813783,-0.104915686,0.9824224,-0.1267701,-223799.0,-46604.0,-23442.0,-53663.0,6511.0,-10138.0,137.87923313233213
RLDataCoach,155.0,-960.29,3938.89,16.32,-0.009238631,0.0153078195,0.9942077,-0.105978504,-223668.0,-47155.0,-4668.0,651.0,10137.0,-4074.0,137.17941919355104
RLDataCoach,155.0,-1146.67,3899.61,16.43,-0.0039840573,0.0012165266,0.9954288,-0.09541545,-223709.0,-46833.0,959.0,901.0,-107.0,-421.0,137.13638412310573
RLDataCoach,155.0,-1313.78,3862.36,16.88,-0.004501958,-0.00018072568,0.9917771,-0.12789765,-221667.0,-53295.0,336.0,135.0,-70.0,15280.0,136.79043231015828
RLDataCoach,155.0,-1495.23,3809.16,17.02,-0.0046422225,-0.00083349604,0.9776503,-0.21018477,-212982.0,-74999.0,61.0,43.0,-11.0,22587.0,135.4807254798999
RLDataCoach,155.0,-1695.67,3712.81,17.02,-0.004539721,-0.0015024508,0.9466016,-0.32237,-187350.0,-115282.0,19.0,17.0,5.0,22896.0,131.98631163344174
RLDataCoach,155.0,-1825.35,3614.3,17.02,-0.004394062,-0.0019124553,0.9170496,-0.3987444,-161045.0,-143200.0,17.0,5.0,1.0,21221.0,129.3020635297055
RLDataCoach,155.0,-1946.3,3482.59,17.02,-0.004210639,-0.002290091,0.87910885,-0.476597,-132866.0,-170633.0,-4.0,1.0,0.0,20528.0,129.75684212387415
RLDataCoach,155.0,-2035.21,3345.15,17.02,-0.004016426,-0.0026029893,0.8402267,-0.54221416,-106679.0,-192730.0,-7.0,0.0,-2.0,20228.0,132.17070142962848
RLDataCoach,155.0,-2120.99,3139.42,17.02,-0.0037466863,-0.0029914146,0.78157794,-0.6237892,-67401.0,-215513.0,-7.0,1.0,0.0,20012.0,135.48412928029612
RLDataCoach,146.0,2160.44,-1225.43,99.94,0.8643829,-0.243255,0.061627712,-0.4357421,151623.0,-168863.0,-1979.0,26299.0,-37443.0,-30516.0,136.1724597781798
RLDataCoach,146.0,2289.2,-1367.36,97.13,0.73870647,-0.28582013,0.2388043,-0.5617758,154835.0,-169984.0,-5590.0,30189.0,-38548.0,-25051.0,137.99958988765147
RLDataCoach,146.0,2405.31,-1494.82,90.9,-0.59617317,0.2817039,-0.35167465,0.66448885,154726.0,-169854.0,-10447.0,33131.0,-40593.0,-16716.0,137.99955156579315
RLDataCoach,146.0,2534.17,-1636.28,79.7,-0.41037562,0.23863706,-0.44396377,0.7599608,154518.0,-169626.0,-15842.0,32415.0,-43161.0,-10550.0,137.99968847443097
RLDataCoach,146.0,2662.83,-1777.52,64.03,-0.2198415,0.17204882,-0.5021847,0.81846166,154225.0,-169305.0,-21219.0,26318.0,-36092.0,-7667.0,137.99971253578755
RLDataCoach,146.0,2778.39,-1904.39,46.1,-0.0908622,0.12744987,-0.52737844,0.8350884,153889.0,-168938.0,-26039.0,19067.0,-24574.0,-5737.0,137.99987176428826
RLDataCoach,146.0,2891.97,-2031.62,25.68,0.00018072568,0.07242809,-0.5611608,0.8245318,146408.0,-171226.0,-25647.0,-2806.0,-29643.0,-20845.0,136.0445114425422
RLDataCoach,146.0,2995.31,-2178.84,15.75,0.0070321173,-0.0016966636,-0.63624585,0.7714525,102386.0,-180681.0,-937.0,-2665.0,1493.0,-20113.0,124.60570653609729
RLDataCoach,146.0,3065.26,-2361.72,16.62,0.0038168186,0.0020904837,-0.6932097,0.7207228,44318.0,-183078.0,699.0,172.0,491.0,-11391.0,113.02020178375192
RLDataCoach,146.0,3084.87,-2497.83,16.92,-0.003541684,-0.0029428615,0.7153352,-0.69876635,13778.0,-179836.0,221.0,74.0,124.0,-6051.0,108.21789522791504
RLDataCoach,146.0,3086.92,-2660.01,17.01,-0.0035308944,-0.003196417,0.726662,-0.6869787,-4574.0,-174433.0,36.0,20.0,25.0,-1967.0,104.69577801401543
RLDataCoach,146.0,3080.38,-2803.22,17.01,-0.0035308944,-0.0032611545,0.72974354,-0.6837041,-9576.0,-169745.0,27.0,6.0,8.0,-586.0,102.00893877891289
RLDataCoach,133.0,3416.26,2282.07,17.01,-0.0037035279,0.003034573,0.76830107,0.6400708,-35945.0,198799.0,27.0,-6.0,11.0,168.0,121.21349353846708
RLDataCoach,133.0,3386.0,2447.68,17.01,-0.0037035279,0.0030507573,0.7685481,0.6397741,-36488.0,198696.0,27.0,-1.0,5.0,50.0,121.21110140593558
RLDataCoach,133.0,3355.52,2613.28,17.01,-0.0037035279,0.0030507573,0.76861995,0.6396877,-36638.0,198663.0,27.0,-1.0,5.0,13.0,121.20791757603955
RLDataCoach,133.0,3328.02,2762.25,17.01,-0.0037035279,0.0030507573,0.7685391,0.6397849,-36553.0,198673.0,27.0,0.0,2.0,-345.0,121.20457931992502
RLDataCoach,133.0,3301.15,2928.22,17.01,-0.0036549747,0.0031101003,0.74629897,0.6655936,-26865.0,199726.0,27.0,1.0,-7.0,-13934.0,120.91481898758315
RLDataCoach,133.0,3286.8,3078.37,17.01,-0.0034391829,0.0033474711,0.71582353,0.6982647,-13482.0,200490.0,27.0,0.0,44.0,-6930.0,120.5656744479124
RLDataCoach,133.0,3280.91,3245.54,17.01,-0.0033474711,0.003433788,0.7055477,0.7086462,-2966.0,200595.0,26.0,0.0,-3.0,-1787.0,120.37015688500202
RLDataCoach,133.0,3278.6,3395.9,17.01,-0.0033582607,0.0034229984,0.71790653,0.69612294,-5600.0,200258.0,27.0,0.0,19.0,11460.0,120.20177130758098
RLDataCoach,133.0,3266.89,3561.98,17.01,-0.0035902371,0.0031856273,0.7612293,0.6484651,-22930.0,198013.0,28.0,1.0,-14.0,17493.0,119.60173989988607
RLDataCoach,133.0,3236.21,3724.16,17.01,-0.003859977,0.0028619396,0.80909365,0.58766013,-48879.0,191045.0,28.0,2.0,-8.0,19175.0,118.31925372482705
RLDataCoach,133.0,3182.71,3878.05,17.01,-0.0040811636,0.0025112778,0.85418993,0.519939,-76734.0,178631.0,28.0,0.0,-5.0,19738.0,116.64892203685379
RLDataCoach,133.0,3115.11,4005.82,17.01,-0.0042699813,0.0021821952,0.8904942,0.45496923,-100560.0,163200.0,28.0,0.0,0.0,19911.0,115.01634483081088
RLDataCoach,131.0,874.43,4262.1,93.4,-0.38412988,0.8216627,0.39033392,0.15796833,-228289.0,-27839.0,-2961.0,-39124.0,-24224.0,-30122.0,137.99953690748382
RLDataCoach,131.0,683.88,4237.14,90.98,-0.32539108,0.9023607,0.15165102,0.23846981,-227809.0,-31533.0,-2873.0,-37717.0,-26130.0,-30324.0,137.99938004078135
RLDataCoach,131.0,493.73,4209.12,88.58,-0.24644333,0.91184413,-0.09880877,0.31311786,-227289.0,-35093.0,-2843.0,-37754.0,-27439.0,-29098.0,137.9998575899265
RLDataCoach,131.0,323.62,4181.82,90.73,-0.1544671,0.8724666,-0.32983643,0.3258065,-226887.0,-37679.0,1581.0,-40241.0,-16822.0,-33504.0,137.99989222300138
RLDataCoach,131.0,134.19,4149.03,87.85,-0.052149013,0.7858495,-0.5380872,0.30030522,-226310.0,-40345.0,-7471.0,-41073.0,-17138.0,-32314.0,137.99967517266117
RLDataCoach,131.0,-73.59,4110.86,76.22,-0.04625785,-0.6376809,0.7195767,-0.27098438,-225446.0,-42284.0,-16911.0,-43082.0,-18358.0,-28842.0,137.99976194718596
RLDataCoach,131.0,-261.5,4075.05,61.25,-0.09808048,-0.4498387,0.85458356,-0.24023391,-225134.0,-43404.0,-18184.0,-50414.0,-10039.0,-19559.0,137.99984742774174
RLDataCoach,131.0,-430.6,4041.88,44.49,-0.11594809,-0.258026,0.93585694,-0.21012004,-224171.0,-44717.0,-25449.0,-51817.0,-7869.0,-16672.0,137.9998681708066
RLDataCoach,131.0,-654.15,3995.27,19.62,-0.038063113,-0.004992884,0.9813614,-0.188298,-222094.0,-49568.0,-18762.0,-34712.0,14877.0,-2436.0,136.99820392048937
RLDataCoach,131.0,-836.79,3947.8,16.0,-0.0032072065,0.0035201048,0.98211896,-0.18820089,-216606.0,-63387.0,1209.0,2090.0,203.0,532.0,135.41606908694402
RLDataCoach,131.0,-997.4,3895.65,16.73,-0.004124322,2.967138e-05,0.981494,-0.19144855,-212371.0,-73944.0,623.0,434.0,-97.0,1059.0,134.9260396148942
RLDataCoach,0.0,-2048.0,-2560.0,32.48,2.6973983e-06,2.6973983e-06,0.38268402,0.92387927,0.0,0.0,-6492.0,0.0,0.0,0.0,3.8952
RLDataCoach,0.0,-2048.0,-2560.0,22.78,-0.00021309446,0.00051520305,0.38268402,0.92387915,0.0,0.0,-13705.0,-598.0,597.0,0.0,8.222999999999999
RLDataCoach,0.0,-2048.0,-2560.0,16.61,-0.0015671884,0.0037898445,0.38268402,0.9238702,0.0,0.0,-4774.0,-554.0,553.0,0.0,2.8643999999999994
RLDataCoach,0.0,-2048.0,-2560.0,16.56,-0.0017398219,0.0042160335,0.38268402,0.923868,0.0,0.0,736.0,-51.0,49.0,0.0,0.4416
RLDataCoach,0.0,-2048.0,-2560.0,17.01,-0.001815349,0.004410246,0.38268402,0.923867,0.0,0.0,27.0,-6.0,3.0,0.0,0.0162
RLDataCoach,0.0,-2047.62,-2559.62,17.01,-0.001815349,0.004410246,0.38268402,0.923867,3041.0,3041.0,13.0,2.0,-5.0,0.0,2.580385854867446
RLDataCoach,0.0,-2039.83,-2551.82,17.01,-0.001815349,0.004388667,0.38277572,0.9238291,16031.0,16151.0,3.0,4.0,-1.0,236.0,13.653761297166431
RLDataCoach,0.0,-2018.96,-2528.65,17.01,-0.0018639022,0.004361693,0.4009293,0.91609675,28618.0,32393.0,3.0,-8.0,-10.0,5230.0,25.93427649887307
RLDataCoach,0.0,-1989.54,-2495.92,17.01,-0.0019664033,0.0043239295,0.40956107,0.9122703,40350.0,44986.0,3.0,-2.0,-1.0,913.0,36.258386254768695
RLDataCoach,0.0,-1951.17,-2452.84,17.01,-0.0019664033,0.0043239295,0.41108778,0.91158336,50562.0,57040.0,3.0,0.0,1.0,168.0,45.73431843900158
RLDataCoach,0.0,-1911.79,-2404.61,17.01,-0.0019825876,0.0043293242,0.4384233,0.898756,52790.0,70668.0,6.0,20.0,26.0,15911.0,52.9251370295817
RLDataCoach,0.0,-1868.14,-2338.27,37.67,-0.002263117,0.0043023503,0.5120895,0.8589183,52546.0,85526.0,32607.0,-255.0,195.0,21294.0,63.32486310099691
RLDataCoach,0.0,-1827.29,-2271.15,60.95,-0.013387229,0.021716837,0.5671437,0.82322365,55876.0,92729.0,28767.0,-8778.0,4018.0,14470.0,67.21161088800059
RLDataCoach,0.0,-1716.44,-2166.07,85.49,0.07950076,0.27099514,0.562941,0.77674884,122773.0,110976.0,20416.0,26.0,54312.0,-8671.0,100.0502386701801
RLDataCoach,0.0,-1582.22,-2039.72,97.71,0.3340066,0.49865648,0.43869844,0.6688236,124709.0,121471.0,-627.0,7529.0,52517.0,-14500.0,104.45504006202859
RLDataCoach,0.0,-1498.81,-1956.29,96.34,0.47466564,0.5986995,0.32691243,0.5562191,125381.0,127993.0,-2404.0,7566.0,52448.0,-14728.0,107.51287212868978
RLDataCoach,0.0,-1404.59,-1857.2,94.54,0.60270625,0.66955996,0.1773627,0.39620346,125799.0,135445.0,-2375.0,6499.0,52127.0,-16293.0,110.92112395012951
RLDataCoach,0.0,-1299.6,-1740.45,92.61,0.6941154,0.6924328,-0.016969416,0.19609351,126146.0,143834.0,-2301.0,3906.0,52443.0,-16106.0,114.79668065880651
RLDataCoach,0.0,-1204.85,-1629.39,90.92,0.7241828,0.6677462,-0.16941613,-0.031184748,126465.0,151469.0,-2163.0,18175.0,49657.0,-15124.0,118.40074236169298
RLDataCoach,0.0,-1099.14,-1499.19,89.32,0.70059294,0.58158016,-0.26844338,-0.3144396,127318.0,160164.0,-1706.0,23647.0,46432.0,-17602.0,122.76605623770766
RLDataCoach,0.0,-992.05,-1361.84,88.09,0.61720854,0.43186325,-0.31622532,-0.5766709,129826.0,168568.0,-1332.0,25061.0,44415.0,-20594.0,127.66293371468478
RLDataCoach,0.0,-893.1,-1232.53,85.42,-0.5188816,-0.3156211,0.34081483,0.71762836,133753.0,175395.0,-5337.0,26535.0,46554.0,-12389.0,132.3836532849883
RLDataCoach,0.0,-791.46,-1099.15,79.6,-0.38461,-0.2008895,0.36615977,0.82319236,135989.0,178447.0,-9863.0,27532.0,44519.0,-7667.0,134.74458331094425
RLDataCoach,0.0,-677.97,-950.27,68.9,-0.25518835,-0.095954925,0.37664184,0.8853318,136360.0,178853.0,-15266.0,17469.0,30412.0,-6123.0,135.2537561304676
RLDataCoach,0.0,-564.15,-801.05,53.69,-0.16644898,-0.019229837,0.3754604,0.91156703,136749.0,179239.0,-20709.0,10821.0,20992.0,-4586.0,135.83842419978228
RLDataCoach,0.0,-449.84,-651.69,34.01,-0.10452186,0.034686014,0.36755702,0.92345756,138117.0,178500.0,-25678.0,11788.0,14159.0,-7660.0,136.29104715380242
RLDataCoach,0.0,-342.83,-521.3,18.16,-0.017136656,0.020643273,0.34789288,0.9371503,148794.0,167258.0,-12442.0,22919.0,-1145.0,-635.0,134.52542767462216
RLDataCoach,0.0,-201.33,-373.7,16.3,-0.0001537517,0.0048256456,0.3910784,0.9203447,155581.0,159591.0,1057.0,-455.0,-374.0,13771.0,133.72848145686842
RLDataCoach,0.0,-149.61,-320.31,21.58,-0.0010762619,0.004604459,0.4047812,0.91440135,154773.0,160719.0,30919.0,-430.0,-326.0,6038.0,135.15492850192328
RLDataCoach,0.0,-21.46,-185.5,49.52,-0.015491201,-8.361934e-05,0.40866545,0.9125528,153672.0,162194.0,36297.0,-9693.0,-8106.0,745.0,135.81679496454038
