SecondsRemaining,CarSteer,CarPositionZ,CarRotationX,CarRotationY,CarRotationZ,CarRotationW,CarLinearVelocityX,CarLinearVelocityY,CarLinearVelocityZ,CarAngularVelocityX,CarAngularVelocityY,CarAngularVelocityZ,CarSpeed,CarBoostAmount,CarDodgeActive,CarJumpActive,SpeedFlip
300.0,98.56060606060606,73.48487804878049,0.08893878427560975,0.2577847753414634,0.5348198025121951,0.3219646597,-80425.53658536586,102590.75609756098,3416.5853658536585,-16264.878048780487,22771.51219512195,-8253.975609756097,79.25267234305875,22.333333333333332,1,1,0
299.0,253.66666666666666,32.58384615384615,-0.060618450846153846,-0.020926704391538462,0.9528805253846154,0.13774856461538462,-47530.230769230766,20714.23076923077,-7756.2307692307695,-1563.3076923076924,8929.846153846154,14615.307692307691,36.866031953878675,0.0,0,0,0
298.0,112.63157894736842,18.34,-0.00497583585,-0.002714938316666667,0.5835077975,-0.3226159275,-32122.666666666668,-85321.66666666667,28.25,-1.3333333333333333,-5.666666666666667,4568.5,56.5925689975874,12.0,0,0,0
297.0,161.8181818181818,18.34,-0.0022030307999999998,-0.0011768393857142859,0.25622839214285714,-0.14156651571428572,-14036.42857142857,-120659.71428571429,25.285714285714285,0.35714285714285715,-1.2142857142857142,6115.285714285715,73.85863034083226,0.0,0,0,0
296.0,176.05,18.34,0.0038159885615384613,0.007476150569230769,-0.44925567615384615,0.8778590376923077,72524.53846153847,-106968.84615384616,25.076923076923077,-0.7692307692307693,-2.076923076923077,9709.615384615385,81.67294328108346,0.0,0,0,0
295.0,207.77777777777777,41.098461538461535,-0.002074723924307692,-0.004585412046153847,0.1782657229230769,0.9550281384615384,127122.92307692308,36719.38461538462,14694.0,-404.53846153846155,-1992.4615384615386,16437.846153846152,87.42520612278216,16.5,1,1,0
294.0,199.11764705882354,175.04846153846154,0.38005551971538465,0.23486149500000003,0.20093306276923076,0.4281110161538461,87348.0,145057.53846153847,-1786.0,-23760.53846153846,-36061.153846153844,16693.53846153846,101.9336866543986,0.0,0,0,0
293.0,129.66666666666666,38.972857142857144,0.0018608282071428568,0.024648521164285713,0.6317065685714286,0.7657266457142857,51426.857142857145,158197.7142857143,-4024.785714285714,283.85714285714283,2946.3571428571427,5881.142857142857,102.66956343195868,0.0,1,1,0
292.0,64.96,73.0023076923077,0.18774773623076924,0.25135646384615384,0.31966471,0.3958203057692308,58517.38461538462,197540.3076923077,-5663.153846153846,-2333.6153846153848,44515.230769230766,-3819.0,123.80276339042267,21.0,0,0,0
291.0,195.23076923076923,18.21923076923077,-0.0066109340615384616,0.004743063653846154,0.7738434638461539,0.5483747861538462,-26356.30769230769,159193.07692307694,49.53846153846154,-122.6923076923077,56.84615384615385,18110.69230769231,115.67927813525232,98.0,0,0,0
290.0,137.0,18.34,-0.00847257021875,-0.00046631271462500005,0.99350905625,-0.05344139656875,-206036.5,-18502.9375,-10.75,0.5625,2.25,2105.8125,126.20244231283513,80.0,0,0,0
289.0,176.52941176470588,18.34,-0.007811257816666667,-0.0031190950516666667,0.9100940508333334,-0.3655199808333333,-152381.41666666666,-114496.66666666667,20.833333333333332,-1.8333333333333333,1.4166666666666667,15952.0,121.78620167675844,90.0,0,0,0
288.0,152.2,18.34,0.0007808967391666668,0.008084552,-0.0958079075,0.9479937816666667,118579.41666666667,-29010.083333333332,-14.833333333333334,-2.4166666666666665,0.5833333333333334,20957.916666666668,94.37508057140484,75.0,0,1,0
287.0,57.52173913043478,74.07916666666667,0.28598772835,0.14087530625,0.14995702716666667,0.5750727050000001,213413.66666666666,64602.75,6473.0,34427.166666666664,27122.333333333332,-249.0,135.0438276511924,72.33333333333333,1,0,0
286.0,109.25,49.72461538461539,-0.021178603229230767,-0.10609511976923078,-0.027722930961538463,0.9603856692307692,200192.6923076923,-8969.615384615385,21395.153846153848,1838.923076923077,-9604.923076923076,-8984.0,132.7343218918794,0.0,0,0,0
285.0,14.4,1086.6223076923077,-0.011335131022307689,-0.28313885384615384,0.0023199861384615374,0.2997367253846154,-1212.8461538461538,-81511.53846153847,126555.76923076923,13531.461538461539,-546.7692307692307,4.384615384615385,102.77470915242348,32.5,0,0,0
284.0,128.72222222222223,1183.6191666666666,0.16083176899166665,-0.10898384458333332,0.10420247083333332,-0.04915306999999999,-27603.583333333332,-174623.25,-106354.25,2581.75,17294.666666666668,804.4166666666666,127.04785331699149,17.0,0,1,1
283.0,153.75,134.3176923076923,0.07433248293846154,-0.01897999668646154,0.8331130584615385,-0.5259878299999999,-63614.92307692308,-180058.76923076922,-52133.0,3395.5384615384614,10552.923076923076,1613.6153846153845,129.56836060868798,2.0,1,1,0
282.0,155.52631578947367,78.264,-0.21001752926666667,0.5498849755333333,0.3508628826666667,-0.28070113906666666,-5273.933333333333,-228747.93333333332,-6828.4,21993.333333333332,35869.46666666667,2686.733333333333,137.4239050327442,0.0,0,0,0
281.0,87.5,18.247142857142858,-0.004788300471428572,-0.0011803074214285713,0.5630867121428571,-0.13906793214285715,-106989.28571428571,-171313.2142857143,163.07142857142858,-9.142857142857142,10.142857142857142,-13750.142857142857,135.92399373116658,95.5,0,0,0
280.0,125.83636363636364,81.3228735632184,0.16964514353825633,0.08666382158641725,0.4616754704022989,0.3390588876321839,68449.33333333333,136165.01149425286,4630.022988505747,-10211.747126436781,6337.574712643678,2747.1264367816093,110.59783913638225,37.5,1,1,0
279.0,80.29411764705883,63.63285714285714,0.38875662139000006,0.02111260239642857,0.10472033235,0.7848180971428571,68635.35714285714,41302.71428571428,-7556.0,-29806.428571428572,-10336.5,-5505.571428571428,52.12127843808222,12.0,1,1,0
278.0,119.0,86.17384615384616,0.3619199423076923,0.1764530426923077,-0.05267975992307693,0.43381623953846155,108555.30769230769,-72459.23076923077,56.76923076923077,45681.230769230766,15152.846153846154,2884.846153846154,78.65833920615572,0.0,0,0,0
277.0,177.0,20.136153846153846,-0.014176542930000001,0.003003017930769231,-0.035797724230769226,0.9799645607692308,120516.53846153847,-16279.23076923077,-3887.6153846153848,4795.538461538462,1301.6923076923076,9947.692307692309,79.12087322698056,0.0,0,0,0
276.0,140.5632183908046,45.355212765957454,0.07203802521060214,0.13894083487336809,0.5920728098723405,0.5193301371351063,-48007.32978723404,120848.0425531915,1260.776595744681,3199.723404255319,-3942.648936170213,4717.946808510638,95.88744014570115,55.4,1,1,0
275.0,216.66666666666666,51.36,0.38938489333846155,0.28131542813846155,0.2637677443846154,0.4274681061538462,29640.76923076923,190882.23076923078,-4846.846153846154,-16243.615384615385,-39962.307692307695,10936.461538461539,116.01904076721279,6.0,0,0,0
274.0,151.6,18.32,-0.0079564679,0.0016883914586666667,0.9346520540000001,0.2114565056,-107153.53333333334,73142.53333333334,74.2,-27.533333333333335,14.333333333333334,16075.6,95.77699579433002,0.0,0,0,0
273.0,169.72727272727272,18.34,-0.007501506753846154,-0.003626347173846154,0.8817012830769231,-0.4270057923076923,-82135.84615384616,-94865.69230769231,24.46153846153846,-2.0,-6.846153846153846,12479.384615384615,82.11048218321154,100.0,0,0,0
272.0,148.2,18.34,0.0007543618833333334,0.004460594041666666,-0.09310473666666667,0.5202731625,57329.5,-121463.83333333333,11.166666666666666,-1.6666666666666667,7.416666666666667,16724.5,94.04249523863297,70.0,0,1,0
271.0,57.08,75.42,0.47595824697692307,0.08608115607692308,-0.06111269826923076,0.4183002046153846,168742.76923076922,-81159.76923076923,5822.923076923077,39378.846153846156,-2150.153846153846,-7356.307692307692,113.08776744590992,82.0,1,0,0
270.0,106.3076923076923,29.156153846153845,-0.07818979093846154,0.0194958157,-0.44807214692307695,0.8744238076923078,124985.84615384616,-140949.53846153847,-5430.846153846154,9006.76923076923,-3883.923076923077,-4408.615384615385,117.06164301691344,0.0,0,0,0
269.0,78.3,18.34,0.0038995353,0.005951356183333333,-0.45794687083333335,0.6971499524999999,73565.25,-208493.0,11.75,-0.8333333333333334,2.8333333333333335,-6236.5,134.33264834572148,0.0,0,0,0
268.0,132.27777777777777,27.91714285714286,0.026258109514285716,0.06605878394285714,0.8703787700000001,-0.44919018714285713,-84681.78571428571,-125021.14285714286,10903.785714285714,-10963.785714285714,956.9285714285714,-5497.0,94.58352655414366,0.0,0,0,0
267.0,95.5,631.6869230769231,0.2768161446153846,0.6450029292307692,0.6487329569230769,-0.28555700307692305,-87136.53846153847,-407.9230769230769,89839.15384615384,-1597.923076923077,-4305.615384615385,721.1538461538462,75.76273759003121,2.0,0,0,0
266.0,93.82352941176471,1214.7466666666667,0.06823275086666666,0.6956437066666666,0.698474692,-0.0827340238,-87964.06666666667,283.3333333333333,22201.933333333334,-373.73333333333335,-7624.666666666667,-664.1333333333333,56.43132161100138,0.0,0,0,0
265.0,128.63636363636363,1119.0635714285713,-0.07752197892857142,0.7040389971428571,0.7028637628571428,0.06550888085714286,-111361.14285714286,7.071428571428571,-26335.571428571428,-8.785714285714286,150.71428571428572,-15.285714285714286,68.66421855884991,0.0,0,1,0
264.0,73.23076923076923,862.1223076923077,0.1746080176923077,0.37548282092307694,0.47250151153846154,0.24541522500000001,-179093.61538461538,45966.46153846154,-12776.23076923077,-16462.0,2911.3846153846152,39060.769230769234,111.59687510353707,10.5,1,0,0
263.0,97.48,633.078,0.24073633860000002,0.7057989159999999,0.49733937133333334,0.3939725113333334,-159833.66666666666,107576.86666666667,-53730.2,-6766.066666666667,-346.93333333333334,-2291.3333333333335,129.9112879052906,21.0,0,0,0
262.0,69.3,48.72461538461538,0.04726585882307692,0.11111308683076923,0.24777088153846155,0.9173316284615385,158906.0,117077.76923076923,-27255.69230769231,-1522.3076923076924,-14059.923076923076,-10105.76923076923,134.14820772036688,33.0,0,0,0
261.0,245.41666666666666,51.76833333333334,0.07956211407500001,-0.04496491933333333,-0.11141915808333334,0.6364626393333334,214422.41666666666,-42589.166666666664,4989.416666666667,-16489.75,17024.5,-2035.4166666666667,132.33628431304425,15.0,1,1,0
260.0,161.0,36.59461538461539,0.22166392433076923,-0.07503050894615385,-0.4367102330769231,0.7934328469230769,143522.76923076922,-96714.38461538461,-5083.153846153846,-15013.846153846154,14981.923076923076,374.84615384615387,113.92412651213218,0.0,0,0,0
259.0,151.93333333333334,18.34,0.0031159446,0.008004079875,-0.3633463275,0.9304001141666666,94464.91666666667,-93229.75,24.583333333333332,2.25,-0.8333333333333334,5324.0,80.26581917996046,0.0,0,0,1
258.0,201.76923076923077,18.34,0.002946907591666667,0.00805757815,-0.3416407283333333,0.9343491250000001,-9959.916666666666,15093.166666666666,24.416666666666668,-1.9166666666666667,9.583333333333334,-1857.5,26.972496486016805,90.0,0,1,0
257.0,173.6153846153846,100.89941176470587,-0.06603938795999999,-0.035412376770588234,-0.325582132,0.9003166947058824,-48914.41176470588,61439.94117647059,13788.058823529413,-3282.3529411764707,1862.6470588235295,12810.29411764706,48.87890624831298,0.0,0,0,0
256.0,22.583333333333332,68.04923076923077,0.2419484618153846,0.07288460444615384,0.4423876493846154,0.6923796253846154,36280.692307692305,92301.07692307692,120.3076923076923,17578.384615384617,19964.076923076922,-2192.6153846153848,67.54516070051423,55.0,1,1,0
255.0,68.45,54.07636363636364,0.025282700609090904,0.020016963,0.21768895454545453,0.6662369018181818,87139.63636363637,68469.0,-7520.0,18294.727272727272,15733.90909090909,-8355.636363636364,67.74533652776518,0.0,0,0,0
254.0,50.26923076923077,18.34,0.0017444973667799998,0.007986276839999999,-0.20654219233333335,0.9383277053333334,97959.33333333333,-40772.6,28.2,-0.7333333333333333,0.8,-15351.4,74.23512455651426,31.0,0,0,0
253.0,135.47619047619048,18.34,-0.005414870485714285,-0.002849608557142857,0.6340186264285714,-0.3375022971428572,-47077.71428571428,-116774.42857142857,24.928571428571427,-2.2857142857142856,-4.428571428571429,-8486.285714285714,78.08014617369307,43.0,0,0,0
252.0,214.85714285714286,22.894166666666667,-0.026138797833333335,-0.029822558325,0.137560092,0.273139725,1807.5833333333333,-96344.0,4960.333333333333,-5850.833333333333,-2848.9166666666665,23383.416666666668,62.25949459431174,0.0,0,0,0
251.0,252.66666666666666,60.65083333333333,-0.23610597199583336,-0.08105983115833333,0.5358133175,0.73540859,9949.5,50379.583333333336,-4417.25,-3385.9166666666665,12552.833333333334,19483.25,37.84776464451958,22.0,0,0,0
250.0,92.5,18.344615384615388,-0.008312386007692308,0.0002931864423076923,0.9863256323076922,0.03694266,-117962.23076923077,5144.076923076923,10.0,0.6923076923076923,-30.692307692307693,2444.0,74.00894523260253,0.0,0,0,0
249.0,98.47619047619048,29.172666666666665,-0.02972994742,0.03897843350666667,0.7737766526666667,0.6101620453333333,-24781.466666666667,80498.93333333333,4308.533333333334,-5184.933333333333,2006.4,-7678.266666666666,54.635129986431096,0.0,1,1,0
248.0,100.2258064516129,79.79307692307692,0.08635504738461539,0.5745393915384616,0.04846108276923078,0.3055580236923077,-10259.23076923077,48492.53846153846,-2770.769230769231,-16849.76923076923,32596.76923076923,-24430.384615384617,31.139289236522114,0.0,0,0,0
247.0,227.07142857142858,20.36,-0.026929069861538462,-0.032901955976923074,0.9489517461538461,0.15492359338461537,-43222.46153846154,13063.923076923076,-1952.8461538461538,-5585.692307692308,7222.384615384615,16616.30769230769,33.8679246701526,0.0,0,0,0
246.0,107.88888888888889,18.34,-0.00779138714,-0.0033050321533333333,0.91862186,-0.387600166,-69468.53333333334,-68591.33333333333,26.066666666666666,6.733333333333333,8.466666666666667,3261.5333333333333,59.003858564263865,12.0,0,0,0
245.0,74.46153846153847,38.258,0.013693656146666667,-0.004410614329333333,0.9575932559999999,-0.1293103504,-105611.93333333333,-37154.46666666667,12239.466666666667,999.0,3129.0,-13175.466666666667,74.98122862478895,24.0,1,1,0
244.0,132.46153846153845,204.8153846153846,0.11754496448461538,0.4446316001,0.3514490738461538,-0.02975303484615384,-114338.92307692308,74751.92307692308,5693.461538461538,-33768.61538461538,18831.384615384617,17104.076923076922,83.26622168567094,36.0,0,0,0
243.0,205.0,69.02285714285715,0.02527817992857143,-0.09415650682285714,0.9394283342857143,0.07629003214285715,-104650.64285714286,25279.571428571428,-19614.285714285714,-10604.785714285714,-1096.857142857143,19772.5,75.88230898602406,5.0,0,0,1
242.0,182.78571428571428,18.35,0.003008363764285714,0.005342775221428572,-0.35656458142857145,0.6261820728571428,30636.0,-108762.78571428571,14.142857142857142,1.5,-1.8571428571428572,12554.642857142857,71.51756338913458,0.0,0,0,0
241.0,109.54545454545455,18.35,0.0003786732003846154,0.008370856769230769,-0.04861165727692308,0.9841928053846154,117895.07692307692,-15514.0,16.076923076923077,-4.461538461538462,-0.8461538461538461,6925.692307692308,75.75475701520797,0.0,0,0,0
240.0,105.06315789473685,51.797222222222224,0.051935225073563886,0.08546865591939722,0.17491647500416665,0.5708747173611112,-4976.333333333333,100403.31944444444,3857.4861111111113,-2787.5416666666665,10488.111111111111,-4015.4166666666665,73.08735164295595,26.666666666666668,1,1,0
239.0,79.30434782608695,239.30285714285714,0.3303548967857143,0.3192726025,0.21432182800000002,0.45484464035714284,69605.78571428571,8032.642857142857,-5083.785714285715,9476.0,41473.0,-15939.92857142857,42.440584276962134,0.0,0,0,0
238.0,102.04761904761905,63.074,0.03554770194,0.07466371442,-0.08592595360000001,0.9670435046666667,71950.26666666666,-16477.333333333332,-18021.066666666666,-3416.8,-3439.133333333333,-14466.133333333333,49.93042118320948,0.0,0,0,0
237.0,94.95,18.34,0.004602146771428571,0.007064485964285714,-0.5421806607142857,0.8306227842857143,44922.142857142855,-103461.42857142857,25.357142857142858,-4.357142857142857,8.428571428571429,-8162.785714285715,69.75613353384766,100.0,0,0,0
236.0,102.5,18.34,-0.006089019529411765,-0.0043550411588235294,0.7135651652941177,-0.5125744923529412,-35886.17647058824,-129008.76470588235,24.764705882352942,-0.4117647058823529,-1.2352941176470589,-5950.882352941177,81.93129409701946,69.0,0,0,0
235.0,70.04347826086956,18.34,-0.008080291271428572,-0.002361764825714286,0.9473807228571429,-0.2755267958214286,-143673.64285714287,-89082.42857142857,-17.214285714285715,-0.42857142857142855,-1.8571428571428572,-9899.0,106.79458211464097,0.0,0,0,0
234.0,172.76470588235293,18.34,-0.0084451465,-0.0003619009066666667,0.9898223916666667,-0.045838857499999996,-219929.08333333334,-14489.25,15.25,3.5833333333333335,2.25,6122.5,135.94978258293594,0.0,0,0,0
233.0,57.6,20.03,0.0009571230416666661,0.019680751268333335,0.9550557258333333,-0.09236735391666667,-166556.41666666666,-55326.0,1261.1666666666667,-3027.1666666666665,1064.5,-15678.916666666666,120.03642839563507,0.0,0,0,0
232.0,122.58823529411765,24.669999999999998,0.03924652774285714,0.07671198402857142,0.6595730621428572,0.728980935,6148.357142857143,154330.42857142858,-1318.5714285714287,-634.2857142857143,-3405.5,-8553.42857142857,98.53229058142448,81.0,0,0,0
231.0,93.3529411764706,18.32,-0.0060452908285714285,0.005989765535714286,0.7062119592857143,0.7049711014285714,-1435.0,214109.07142857142,34.5,0.0,-1.3571428571428572,-1955.7142857142858,129.42886106050227,76.0,0,0,0
230.0,106.42857142857143,18.32785714285714,-0.0012361791021428571,0.008178511228571429,0.1456068866142857,0.9592650292857143,166360.07142857142,66903.85714285714,10.857142857142858,3.5,0.5714285714285714,-15483.57142857143,125.3481627674832,0.0,0,0,1
229.0,63.88235294117647,18.33,0.002507957933846154,0.007966661976923077,-0.2969662076923077,0.9327261261538461,178574.84615384616,-111792.30769230769,22.46153846153846,-0.38461538461538464,0.5384615384615384,-13525.076923076924,136.70258961665238,0.0,0,1,0
228.0,140.70833333333334,204.67153846153846,-0.13134864876153846,-0.20137212686923078,-0.21202227730769233,0.580142193076923,13722.23076923077,-182443.38461538462,45734.07692307692,-9686.538461538461,673.0769230769231,16204.461538461539,113.80979090956333,19.0,0,0,0
227.0,94.55555555555556,683.0035714285714,0.5681521832142857,-0.2437374427142857,0.1862760928571429,0.35955856357142857,47505.71428571428,-178626.7142857143,33357.642857142855,31489.428571428572,11903.785714285714,16854.14285714286,113.62675498030265,4.0,0,0,0
226.0,108.6,751.41625,0.040094098125000005,-0.020037027693749997,0.0573775931875,0.030115009374999994,53750.5,-27316.125,-16811.25,5900.5,3609.1875,7210.4375,65.92247391605027,0.0,0,1,0
225.0,167.04166666666666,295.09666666666664,-0.18224500591666667,-0.040376147475,0.43387143333333333,0.8323043025,10312.5,92344.66666666667,-52420.916666666664,18059.666666666668,2044.5,1468.0,82.37135063258191,6.0,0,0,0
224.0,116.08333333333333,102.13166666666666,0.0213715635,-0.2888898019166667,0.56522179,0.45197690333333335,-112424.66666666667,62602.916666666664,-4469.5,-10111.0,1089.3333333333333,10173.75,77.92597413588167,0.0,1,0,0
223.0,85.07142857142857,18.422307692307694,-0.01111727523076923,-0.0005135527923076923,0.9651534861538462,0.25995693999999997,-154623.3076923077,86902.53846153847,-937.8461538461538,-906.8461538461538,-1454.3846153846155,-2239.230769230769,106.53822985463769,0.0,0,0,0
222.0,91.25,18.34,-0.0067267309769230765,0.005157632976923078,0.7897613453846154,0.6027336646153846,-53211.61538461538,181036.92307692306,1.5384615384615385,-0.5384615384615384,0.0,-8591.076923076924,116.81600522066046,0.0,0,0,0
221.0,91.83333333333333,18.34,-0.006029557223076923,0.006034909915384616,0.7062573461538462,0.7074316830769232,-571.0769230769231,220784.76923076922,22.692307692307693,-0.07692307692307693,-2.769230769230769,-1567.2307692307693,132.6304047535132,89.0,0,0,0
220.0,99.29411764705883,18.34,-0.0036599870785714284,0.007676024885714285,0.4243301207142857,0.8952116207142857,107234.64285714286,145296.64285714287,26.214285714285715,-0.42857142857142855,-0.14285714285714285,-8730.357142857143,113.34980478287484,73.0,0,0,1
219.0,111.78947368421052,18.34,0.0013100364091666666,0.008210880291666667,-0.15078109041666668,0.9641972074999999,93203.33333333333,-23895.666666666668,27.916666666666668,0.5833333333333334,-0.16666666666666666,-11180.083333333334,64.40200192685374,85.0,0,0,0
218.0,166.92307692307693,18.34,0.0017213896586666666,0.008245496958333333,-0.208136089675,0.96688516,88166.16666666667,-35943.166666666664,30.083333333333332,-1.6666666666666667,-4.0,-8053.583333333333,58.661376088767575,0.0,0,0,0
217.0,3.2857142857142856,18.34,-0.006854957769230769,-0.0004923821861538461,0.8060297653846155,-0.05869864715384616,-75646.61538461539,-24299.153846153848,4.615384615384615,-0.8461538461538461,-0.8461538461538461,-25767.53846153846,69.01963940640198,97.0,0,0,0
216.0,158.57142857142858,18.34,-0.0046464792428571435,0.0065824224571428575,0.5505561757142857,0.7709844314285714,28661.714285714286,110954.64285714286,8.285714285714286,6.5,2.5,-18265.285714285714,86.55794526183219,100.0,0,0,0
215.0,136.368,175.16344827586207,0.13086269922181953,0.11102474230687702,0.3912815119195402,0.3773719210643678,52595.97701149425,53174.4367816092,2624.1494252873563,-16430.64367816092,-10088.080459770115,7691.022988505747,92.55100896850351,57.142857142857146,1,1,0
214.0,188.1,18.335714285714285,-0.007445246664285714,0.002655010547857143,0.9039827835714286,0.34619792992857146,-108990.07142857143,103763.07142857143,-13.857142857142858,-22.285714285714285,-8.071428571428571,16224.357142857143,103.32963095155647,25.5,0,0,1
213.0,139.44444444444446,18.32,-0.008541931821428572,0.00030711806357142855,0.999226705,0.038140212,-189503.07142857142,14421.642857142857,36.92857142857143,-10.0,0.8571428571428571,235.35714285714286,114.03390833848165,4.0,0,0,0
212.0,186.21052631578948,70.62307692307692,0.09604495507692307,-0.06840192267507693,0.7618090007692307,-0.244824519,-114536.30769230769,-117703.46153846153,18190.076923076922,6873.538461538462,12103.76923076923,12297.461538461539,117.97969820565375,0.0,0,0,0
211.0,161.1578947368421,156.85076923076923,0.08784151888461539,-0.012532370653846155,0.04888342230769231,0.1722481630769231,28014.53846153846,-180697.6923076923,-16660.46153846154,5944.307692307692,-11980.23076923077,4027.846153846154,116.2794469509349,0.0,0,0,0
210.0,127.5,18.169166666666666,0.002977927683333333,0.006717870466666667,-0.298320355,0.9544242383333333,141660.75,-99022.91666666667,344.6666666666667,10.75,445.8333333333333,479.0,103.71833554877709,0.0,0,0,0
209.0,155.71428571428572,18.34,0.00179045,0.00831151423076923,-0.20984158769230768,0.9749699476923077,153634.07692307694,-71268.61538461539,23.384615384615383,-1.4615384615384615,1.0,2017.8461538461538,102.65097255707552,0.0,0,0,0
208.0,177.1,18.34,-0.0031790915421428573,0.0069758573999999995,0.37770596421428576,0.8225227721428572,94943.21428571429,4850.714285714285,32.5,-0.07142857142857142,-2.2142857142857144,22321.14285714286,69.20216349680395,61.0,0,0,0
207.0,125.66666666666667,18.34,-0.007583409554545454,0.003924714463636364,0.8870966336363637,0.4611879936363636,-21047.545454545456,30380.545454545456,16.09090909090909,-2.8181818181818183,0.5454545454545454,1629.1818181818182,22.191673647288294,89.0,0,0,0
206.0,112.16666666666667,18.34,-0.007511051361538462,0.003895250576923077,0.8841643723076923,0.45874016999999995,-35240.230769230766,51166.53846153846,25.53846153846154,-0.15384615384615385,1.3076923076923077,-2448.6923076923076,37.8402632835468,100.0,0,0,0
205.0,148.64285714285714,18.34,-0.007132348542857143,0.0045605297785714285,0.8383512992857142,0.5373900478571428,-41158.28571428572,89031.5,24.785714285714285,-2.0714285714285716,2.4285714285714284,2739.214285714286,59.72962276414251,0.0,0,0,0
204.0,118.8,17.95307692307692,-0.0062075790307692304,-0.0015779876615384615,0.9797720038461539,0.19018992076923077,-59894.38461538462,20125.615384615383,-134.53846153846155,-585.4615384615385,-14.384615384615385,3947.0,38.75332751796692,67.0,0,0,0
203.0,122.0,106.26384615384616,0.10706408092307693,-0.0644155809923077,0.8563008838461539,0.4288674223076923,-70475.53846153847,51597.46153846154,32478.23076923077,10754.076923076924,4253.923076923077,-9898.23076923077,59.33618673556857,54.0,0,1,1
202.0,135.46666666666667,557.7742857142857,0.46804624142857143,-0.41072784714285715,0.6352684064285714,0.44345474071428576,-57150.0,63867.857142857145,52615.78571428572,3352.714285714286,-3651.5,2160.8571428571427,60.38555557784472,0.0,0,0,0
201.0,66.41666666666667,936.9553846153847,0.10002220276923077,0.07543249615384616,0.7608096476923076,0.42946000769230774,-64695.230769230766,62012.230769230766,7608.615384615385,-23116.846153846152,-4863.692307692308,-6985.538461538462,56.44708474013943,100.0,0,0,0
200.0,127.0909090909091,557.675,0.011678996828571429,0.5616371657142857,0.2934491535714286,0.7641638785714286,-74827.28571428571,72461.35714285714,-77176.5,686.9285714285714,-5281.5,-8828.714285714286,78.30514696284256,90.0,0,0,0
199.0,221.33333333333334,25.925,0.006981288307142857,0.05529376667142857,0.17828135571428572,0.9738382985714286,91009.35714285714,36685.57142857143,-7619.071428571428,-721.7857142857143,-7137.5,6364.285714285715,60.58746107904564,0.0,0,0,0
198.0,104.15384615384616,79.35769230769232,0.023740311840769232,-0.018725215426923077,0.6096009484615384,0.7817181669230769,19404.076923076922,157022.23076923078,25165.615384615383,1783.076923076923,1529.3846153846155,1102.7692307692307,99.54190960965418,0.0,0,1,1
197.0,40.916666666666664,332.90642857142853,0.024213369607142852,0.27971482787857144,0.025828044857142844,0.57574026,1626.642857142857,180852.2142857143,-4911.357142857143,-1170.0714285714287,28461.0,-37784.0,110.19893180206574,100.0,0,0,0
196.0,33.857142857142854,55.08923076923077,-0.02933556362307693,-0.05791025848461539,0.5492517699999999,0.7712678576923077,51931.0,147716.92307692306,-14921.076923076924,11084.076923076924,11117.76923076923,-16245.384615384615,104.35342176675948,0.0,0,0,0
195.0,165.16666666666666,94.33153846153846,0.31722540615384615,0.0024220598461538456,-0.07648045,0.8884432884615384,123803.07692307692,-28880.384615384617,-1958.5384615384614,-18926.923076923078,4473.538461538462,-4247.692307692308,78.89566011634231,88.0,0,1,0
194.0,93.81818181818181,31.262307692307694,0.04487180425769231,0.02318836983076923,-0.12963766292307694,0.9749171961538461,109269.92307692308,-54991.07692307692,-1992.2307692307693,9923.0,1818.3846153846155,2903.3076923076924,73.9752209789707,78.0,0,1,0
193.0,100.44444444444444,18.72230769230769,0.0024282809538461536,0.008049658953846154,-0.28533664123076924,0.946289623076923,103794.46153846153,-66418.38461538461,2330.5384615384614,4.846153846153846,-9.23076923076923,-8773.76923076923,77.41164239312559,57.0,1,1,0
192.0,51.88,85.72928571428572,0.5101175337357143,-0.043925756928571424,-0.17435008064285715,0.272393397,75362.35714285714,-165722.92857142858,1595.142857142857,36909.28571428572,-28669.35714285714,-3315.4285714285716,109.64395486833668,65.0,0,0,0
191.0,41.625,25.443571428571428,-0.07396950329999999,-0.010160756142857144,0.06616170857142857,0.24819841857142858,8188.214285714285,-162866.2857142857,-6102.857142857143,10373.642857142857,-6439.428571428572,-10627.142857142857,107.37891226305362,79.5,0,0,0
190.0,137.78947368421052,18.34,-0.00839745776923077,-0.0003363448060384615,0.9852187553846155,-0.04411985488461538,-144624.3076923077,-19426.615384615383,26.615384615384617,-4.3076923076923075,1.3846153846153846,-6354.0,93.05138550864386,0.0,0,0,0
189.0,206.4375,18.34,-0.004571222491666666,-0.0005084630499999999,0.5333977641666666,-0.06253465333333334,-72310.08333333333,-82708.08333333333,29.166666666666668,4.0,-0.4166666666666667,20088.583333333332,79.48326450233674,67.0,0,0,0
188.0,195.94736842105263,18.34,-0.00037991814230769235,0.008089912284615385,0.04458629946153847,0.9517826838461538,90889.76923076923,2334.6923076923076,29.384615384615383,-5.384615384615385,-3.230769230769231,20412.923076923078,68.0616828407026,0.0,0,0,0
187.0,76.57142857142857,71.01769230769231,0.4048094727,0.3491942613538462,0.22057686215384614,0.39955915230769234,126121.0,153685.0,7331.2307692307695,13293.461538461539,35883.692307692305,-3905.923076923077,120.0544568020689,0.0,1,1,0
186.0,126.61538461538461,76.13571428571429,-0.05683131532428571,-0.0773586055,0.4806624157142857,0.8523823485714285,131210.35714285713,183547.57142857142,13596.714285714286,9006.857142857143,9274.285714285714,1334.7142857142858,136.97232793545587,0.0,0,1,0
185.0,40.857142857142854,420.2325,0.6513504925,-0.2021397431666667,0.21509854541666665,0.42339440666666667,79395.33333333333,126490.66666666667,35836.75,19650.75,22206.166666666668,18260.5,92.66884524811739,79.0,0,0,0
184.0,135.78947368421052,287.2761538461539,-0.3431610892307692,-0.3181973015384615,0.6851391361538461,0.03725058343846154,-51494.230769230766,45341.61538461538,-53441.07692307692,-7072.538461538462,16416.0,5422.538461538462,61.523045943657685,88.0,0,0,0
183.0,80.0,66.13,-0.1991250356661,0.4140139742866667,0.6162613056,-0.07267088613333333,-153433.46666666667,-20653.4,5436.0,-30707.466666666667,-15157.666666666666,-3476.6,93.74643182336521,67.0,1,1,0
182.0,177.52380952380952,40.19666666666667,0.04265124088666667,-0.14150025344,0.7848388199999999,-0.27778398800000004,-142461.86666666667,-60684.53333333333,-8115.066666666667,-15952.333333333334,-10377.133333333333,5377.2,99.9544643995494,60.0,0,0,0
181.0,147.2,18.34,-0.0068806554750000005,-0.0049627772,0.807414035,-0.581565315,-48759.833333333336,-138075.5,24.166666666666668,-0.9166666666666666,-2.1666666666666665,4990.0,89.47311509361525,0.0,0,0,0
180.0,170.95,18.34,0.0007818450571428573,0.002483903442857143,-0.09274085428571428,0.2903404928571428,29416.214285714286,-137035.64285714287,24.571428571428573,-1.4285714285714286,-0.9285714285714286,6590.285714285715,86.62305429376286,0.0,0,0,1
179.0,154.80769230769232,40.17285714285714,0.004890780490285714,-0.0156877675,-0.09044641910714286,0.9676194985714286,90725.28571428571,-35443.0,15013.714285714286,1570.0714285714287,-3863.0,15844.785714285714,64.29935471860149,42.0,0,1,0
178.0,142.30769230769232,542.4284615384615,0.057774973261538465,-0.4012882830769231,0.4171951169230769,0.7973848607692309,102882.07692307692,37972.92307692308,73008.15384615384,-4349.2307692307695,668.0769230769231,4348.846153846154,79.3427210082329,54.0,0,0,0
177.0,93.25,1158.1666666666667,-0.390119007,-0.17070055708333332,0.7176900275000001,0.4624282775,101673.75,49934.0,38166.083333333336,-2135.4166666666665,-8624.333333333334,12797.5,72.53392626899317,0.0,0,0,0
176.0,151.46666666666667,1213.0678571428573,-0.34915416,-0.40941806285714283,0.5774716728571428,0.33571638071428567,92531.0,53372.07142857143,-26509.071428571428,375.5,-2631.4285714285716,-2404.785714285714,68.36769305832613,66.0,0,0,0
175.0,126.18181818181819,724.6560000000001,-0.08287543566666665,0.020729223933333332,0.5790680753333334,0.07096647266666666,-44441.13333333333,77880.06666666667,-75738.86666666667,-9800.6,23880.733333333334,1165.3333333333333,71.4784091798177,0.0,0,1,0
174.0,213.05,44.005,0.07870536359285715,0.011238574107142857,0.944518895,-0.159292382,-98741.42857142857,-14984.07142857143,-26295.571428571428,1498.0,-5504.571428571428,16613.64285714286,79.91268221459629,66.66666666666667,1,0,1
173.0,156.375,71.31846153846153,-0.14648361527692308,0.22706486225384617,0.06467661,-0.05468143076923076,45481.46153846154,-177817.3076923077,7217.384615384615,9303.307692307691,40335.53846153846,-60.92307692307692,111.71477318087884,78.0,1,1,0
172.0,99.27777777777777,37.24,0.0210448408,-0.0987039246375,-0.646100835625,0.74489402625,46894.6875,-219928.625,-6370.875,2286.25,8570.0,-1373.9375,135.2120831873898,90.0,0,0,0
171.0,104.35714285714286,18.34,-0.006796750181818182,-0.005138060909090909,0.796718129090909,-0.6026753645454546,-55986.454545454544,-210846.27272727274,24.0,0.7272727272727273,2.0,-3716.6363636363635,131.55442252157346,0.0,0,0,0
170.0,63.51851851851852,18.34,-0.008049078558333334,-0.0007026722616666667,0.9453729974999999,-0.08323618825000001,-164783.16666666666,-46141.25,1.0,-1.9166666666666667,-1.5833333333333333,-18520.833333333332,127.82441805920064,0.0,0,0,0
169.0,101.38461538461539,18.34,-0.008012767461538462,0.002901363053846154,0.9382221584615384,0.3413203146153846,-174821.38461538462,144496.38461538462,17.307692307692307,1.0,1.0769230769230769,-2188.769230769231,136.84856942431517,51.0,0,0,0
168.0,82.6,18.34,-0.00714752506923077,0.004474568676923077,0.8365501130769231,0.5261630661538461,-99826.23076923077,189431.6923076923,24.615384615384617,0.38461538461538464,0.38461538461538464,-7525.615384615385,133.9011635605439,45.0,0,0,0
167.0,197.66666666666666,18.34,-0.006139100161538462,0.005883025584615385,0.7172137730769231,0.6811360953846154,3986.230769230769,158138.53846153847,25.76923076923077,1.0769230769230769,5.538461538461538,7543.846153846154,98.17978337900877,0.0,0,0,0
166.0,115.23529411764706,18.34,-0.008069205276923076,-0.0013559613592307692,0.9505924738461539,-0.15584858746153846,-88340.76923076923,-21524.46153846154,30.46153846153846,3.3846153846153846,2.230769230769231,15482.615384615385,64.94389944257824,0.0,0,0,0
165.0,180.05263157894737,18.34,-0.007481172476923077,-0.003794000907692308,0.8776728123076923,-0.44990098153846153,-66197.76923076923,-92244.53846153847,25.615384615384617,-2.923076923076923,-3.8461538461538463,8525.384615384615,71.53137363338257,0.0,0,0,1
164.0,162.33333333333334,38.27384615384615,0.004062498935384616,-0.014955906069230768,-0.08430429546153848,0.8076980576923076,41689.153846153844,-79072.69230769231,13506.846153846154,1203.2307692307693,-3568.6153846153848,22442.923076923078,59.36317036449124,0.0,0,1,1
163.0,114.73076923076923,498.15999999999997,0.30066622400000004,-0.3579463223076923,0.4823645069230769,0.7235349376923076,55539.38461538462,-7614.538461538462,70233.30769230769,3442.6923076923076,-1271.1538461538462,7342.7692307692305,54.59161827423623,21.0,0,0,0
162.0,164.125,1247.0984615384616,0.2741195827138462,-0.024192643325384615,0.4373630023076923,0.8312509815384614,93654.69230769231,49176.153846153844,74793.69230769231,-10958.076923076924,8329.076923076924,4529.846153846154,79.06676383786736,17.0,0,0,0
161.0,157.69565217391303,1538.4338461538462,0.4461317323076923,-0.10403053353846153,-0.2391312923076923,0.21276626253846154,139939.6923076923,59854.46153846154,-37433.153846153844,-27061.384615384617,10300.307692307691,29661.153846153848,97.86904175008391,19.0,0,0,0
160.0,101.35,607.0106666666667,0.016077100466666668,0.022657331553333333,0.0262531604,0.9564757260000001,156371.06666666668,38366.933333333334,-127734.93333333333,-12110.6,-4196.733333333334,13330.733333333334,124.66033968687927,55.0,0,0,0
159.0,86.6470588235294,25.785833333333333,0.02385542171416667,0.008905467299999999,-0.29646003825,0.9199282641666667,107776.41666666667,-72359.41666666667,7678.666666666667,5212.583333333333,-2839.75,-14735.166666666666,90.70459907679604,82.0,1,1,0
158.0,70.75,77.13357142857141,0.28667468357142856,-0.09621117028571428,-0.36279566607142855,0.40212442785714286,33831.71428571428,-185461.14285714287,-6016.0,19325.64285714286,-43761.71428571428,-9138.214285714286,113.3497378676384,0.0,0,0,0
157.0,64.0,18.205000000000002,-0.0035937352285714285,-0.000928296392857143,0.42762504357142855,-0.11263559957142856,-63741.78571428572,-178983.5,186.28571428571428,-31.428571428571427,1.5,-15081.57142857143,125.33033482258244,0.0,0,0,0
156.0,129.94444444444446,18.32,-0.008278357428571428,0.0019112993365714287,0.9709681392857143,0.21929430152142856,-197282.0,84691.64285714286,30.0,-3.642857142857143,1.7857142857142858,-7328.785714285715,132.36805547010158,0.0,0,0,0
155.0,129.58333333333334,18.32,-0.008206979576923078,0.002310425353846154,0.961817336923077,0.27137361769230767,-194982.0,119390.38461538461,44.61538461538461,0.07692307692307693,0.6153846153846154,-266.38461538461536,137.44820940283572,66.0,0,0,0
154.0,167.92307692307693,18.322142857142858,-0.008267567642857142,0.0010184605,0.969813535,0.11572499639285715,-198717.7142857143,68190.07142857143,41.57142857142857,-0.6428571428571429,1.7857142857142858,13631.785714285714,133.71649903194933,78.0,0,0,0
153.0,141.58333333333334,18.330000000000002,0.0004018973,0.0029378490857142857,-0.049765360714285715,0.34296958071428574,21693.285714285714,-184175.7142857143,20.428571428571427,0.7857142857142857,-1.7142857142857142,12144.142857142857,124.35412257403051,0.0,0,0,0
152.0,92.375,27.68083333333333,-0.04540279285833334,-0.03942264610000001,-0.5447695266666667,0.8137875291666666,80346.83333333333,-172091.91666666666,11821.666666666666,-8826.666666666666,-1775.25,-3624.75,117.70834148432766,90.0,0,0,0
151.0,125.23076923076923,515.2928571428572,0.3640950957142857,0.5323036364285715,0.2883691464285714,-0.41516988000000005,-3395.9285714285716,28474.214285714286,67341.0,-12124.5,3124.6428571428573,12750.785714285714,48.03208765224897,0.0,0,1,1
150.0,128.52,1001.1884615384616,0.1350972143307692,-0.2167928192307692,0.4326643892307692,0.48919088076923073,-17200.846153846152,102399.92307692308,43131.53846153846,-3088.153846153846,13850.076923076924,8006.153846153846,67.6937322261426,0.0,0,0,0
149.0,138.86206896551724,1348.559230769231,0.2912912830769231,0.35851444253846154,0.5272803338461538,0.6455306253846154,-18641.923076923078,161938.38461538462,8049.615384615385,-14696.923076923076,12123.538461538461,-88.61538461538461,99.40120389083464,0.0,0,0,0
148.0,142.05555555555554,968.2133333333333,0.26752404,0.43061385666666663,0.4177521533333333,0.73584481,-9763.5,207700.5,-84406.25,894.1666666666666,-7848.75,1836.3333333333333,134.98783275063028,0.0,0,0,0
147.0,74.2,114.32583333333332,0.044633567315000004,0.112074612875,0.42327553625000003,0.8559891608333333,54698.666666666664,139887.5,-49754.5,-67.83333333333333,-1993.8333333333333,-14410.583333333334,111.66939119023995,100.0,0,0,0
146.0,120.72222222222223,18.34,0.0034639088833333335,0.007706916316666666,-0.40195523,0.9070521358333333,89514.91666666667,-93975.66666666667,26.083333333333332,-0.9166666666666666,0.08333333333333333,-6421.5,80.95558660391447,64.0,0,0,0
145.0,140.73684210526315,34.04076923076923,0.08290318729076923,0.057616835961538465,-0.06648551753846153,0.9426219053846154,142675.3076923077,-35679.07692307692,5882.0,8902.23076923077,8488.615384615385,11820.153846153846,93.42695998357486,0.0,1,1,0
144.0,75.61538461538461,63.11846153846154,0.21398149036230768,0.09214368197692308,0.018020967384615387,0.566223558076923,219809.0,1465.2307692307693,-8163.846153846154,32985.846153846156,14549.846153846154,-6314.461538461538,132.0935792842765,36.0,0,0,0
143.0,207.4,18.335,-0.003768279426166667,0.006956590141666667,0.4454022286666666,0.8178885116666667,108021.83333333333,105099.16666666667,20.75,0.5,2.9166666666666665,23765.833333333332,119.1062638601026,32.0,0,0,0
142.0,166.5,44.798,0.02317598503333333,0.020406621055233335,0.7664913633333333,0.10463481636,-200465.73333333334,25828.733333333334,8465.4,13826.333333333334,-15894.866666666667,4970.666666666667,129.30717932038553,13.0,1,1,0
141.0,181.52941176470588,56.63933333333333,0.32978276895333336,0.2504096122866667,0.716506432,-0.08592055326533334,-210353.2,-42569.666666666664,-8230.066666666668,19675.066666666666,-26063.266666666666,-20.8,129.1166023408479,10.0,0,0,1
140.0,176.75,18.34,-0.00631509755,-0.003290829408333333,0.7361419041666667,-0.3846308233333333,-52352.0,-96017.75,18.166666666666668,-8.166666666666666,7.0,12484.833333333334,69.14682071230054,95.5,0,0,0
139.0,107.83333333333333,18.34,0.003771733435714286,0.007611287307142857,-0.44567045857142856,0.8909760392857143,98654.78571428571,-131590.0,-3.9285714285714284,-4.642857142857143,3.857142857142857,3149.9285714285716,100.17146498113789,76.0,0,0,0
138.0,115.91304347826087,18.34,-0.0032615699714285715,-0.0019132410785714286,0.37640154214285715,-0.22431680714285715,-4661.857142857143,-153090.7142857143,16.285714285714285,-3.7142857142857144,2.2142857142857144,-6759.785714285715,94.60251138241827,73.0,0,0,0
137.0,121.2,59.449999999999996,0.031693636025,0.02353262225833333,0.3045560525,-0.14326744666666666,-5249.583333333333,-135070.91666666666,21494.0,-5119.166666666667,2334.0833333333335,-5751.416666666667,84.06630639814504,0.0,0,1,0
136.0,114.82352941176471,471.36800000000005,0.7518045073333333,0.1770710117333333,0.42992628912666664,-0.07840880985466667,-35644.933333333334,-145567.66666666666,29047.933333333334,-9385.2,24074.466666666667,-16482.866666666665,93.95792909637166,0.0,0,0,0
135.0,130.36,141.50142857142856,0.06411391842857143,-0.011572272235714286,-0.02585812712142857,0.6845077171428572,-12347.857142857143,25078.0,-41656.857142857145,23644.071428571428,-512.0,-3637.714285714286,59.76686331060201,0.0,0,0,0
134.0,213.42105263157896,24.73,-0.019398731846153847,0.010146192307692307,0.12496823615384615,0.9625368361538461,49922.153846153844,20070.0,-704.0,199.46153846153845,392.61538461538464,13850.076923076924,35.65917092674279,40.5,0,0,0
133.0,125.57142857142857,18.307692307692307,-0.003901475261538461,0.007416392784615385,0.4718267553846154,0.8816213261538461,18641.153846153848,27365.076923076922,0.7692307692307693,160.6153846153846,119.23076923076923,336.84615384615387,19.870975529000205,30.0,0,0,0
132.0,129.76923076923077,19.203333333333333,-0.00927134294,0.010057541619999999,0.5083315039999999,0.860648966,-18191.533333333333,-35483.46666666667,352.6666666666667,-332.8,-173.26666666666668,229.46666666666667,24.11941639062845,0.5,0,0,0
131.0,105.26666666666667,19.59142857142857,-0.011444714328571429,0.011434307414285713,0.4575895507142857,0.8886767578571428,27039.5,35730.28571428572,-332.57142857142856,338.64285714285717,-31.5,-2447.1428571428573,26.92396367328106,0.0,0,0,0
130.0,89.8125,24.78916666666667,-0.05622073685666667,-0.010935765291666665,0.017503483166666663,0.9768867583333334,126534.58333333333,2979.8333333333335,5584.083333333333,-9206.083333333334,-394.3333333333333,-11910.333333333334,79.58770416870497,12.0,0,0,0
129.0,187.08333333333334,58.08230769230769,-0.28280440672307694,0.011793692869230769,0.20515223638461538,0.8743634861538462,152764.15384615384,65894.92307692308,-3979.076923076923,7222.692307692308,7269.076923076923,11754.384615384615,110.35038251354018,24.0,0,0,0
128.0,128.69230769230768,18.474375000000002,-0.00456940051875,0.0071565348375,0.53519990875,0.838095164375,70604.875,152226.8125,1898.875,2.0625,-10.0,1483.0625,102.36818653422245,0.0,1,1,0
127.0,198.92857142857142,83.175,0.331372553625,0.1616823264375,0.3569535921875,0.38272024518750003,-26135.6875,193111.9375,4449.6875,-18308.875,-39242.9375,5578.125,117.6039731270475,0.0,0,0,0
126.0,183.3,55.67214285714285,0.06215829696428572,0.07623120993642858,0.5492036251428571,0.4238430357142858,-93428.71428571429,201779.0,3444.785714285714,7006.785714285715,-31177.0,2109.285714285714,137.2501678503609,0.0,1,1,0
125.0,202.75,47.650666666666666,0.1628319318,0.22287311212,0.759463754,0.37389446266666665,-153143.53333333333,162096.86666666667,-4859.0,7862.866666666667,-21854.933333333334,9608.266666666666,136.25592399960357,0.0,1,1,0
124.0,140.5,72.09846153846154,0.07276301653846154,0.3643992639692308,0.578069336,0.028427977684615382,-227322.92307692306,-7667.923076923077,2809.076923076923,42587.846153846156,-10532.0,3588.4615384615386,137.4139105329384,0.0,0,0,0
123.0,78.18181818181819,54.36333333333334,0.01817675213333333,0.012585928158333334,0.9866797573333332,0.11991365219999998,-222619.2,35095.13333333333,16885.2,3238.266666666667,1862.8666666666666,-7688.066666666667,137.0582892659765,8.0,0,1,0
122.0,99.17391304347827,288.3525,0.42074177333333335,0.3708934066666667,0.755677775,0.19998452916666665,-50152.25,-5062.25,10521.0,-10093.833333333334,14105.916666666666,-2230.1666666666665,40.716286460601616,8.0,0,0,0
121.0,133.77777777777777,139.87,0.45006570375,0.4395533541666667,0.5653346975,0.4169736233333334,7604.833333333333,-24376.666666666668,-24187.75,-1907.8333333333333,-15144.0,-5976.5,23.569199997813627,0.0,0,0,0
120.0,147.64285714285714,73.04733333333334,0.02203800066666666,0.26044866906666664,0.48752104799999996,0.24730331,17484.2,-104921.06666666667,2400.6666666666665,17525.933333333334,5850.333333333333,-16522.2,64.24763858732975,94.0,1,1,0
119.0,103.70833333333333,54.480000000000004,-0.03343592728571429,-0.1252777019,-0.5333971221428572,0.6226444057142857,15717.57142857143,-140956.92857142858,106.71428571428571,13104.07142857143,3330.0714285714284,-4508.5,86.27605929871096,83.0,1,1,0
118.0,93.47619047619048,75.23692307692308,0.5047685426307692,-0.2631203819230769,0.08838092384615384,-0.05633558000000001,-18320.30769230769,-185069.0,-7747.846153846154,11482.153846153846,-40351.0,-625.6923076923077,111.82592034485194,0.0,0,1,0
117.0,218.1,77.20833333333333,-0.15855007521666667,0.3639136916166667,-0.3189600145,0.37769991583333334,62169.833333333336,-211639.41666666666,5103.083333333333,9425.75,42611.166666666664,3372.3333333333335,133.15378021473936,0.0,1,0,0
116.0,210.33333333333334,73.16166666666668,-0.07898868642083333,-0.08513561321666667,-0.43697883499999995,0.6704307758333333,66246.16666666667,-131543.33333333334,15143.333333333334,-12082.166666666666,14402.5,1793.8333333333333,96.97814027497337,0.0,0,0,0
115.0,170.8421052631579,255.66333333333333,-0.46579212,-0.06906400533333333,-0.07714768608333333,0.46728455583333334,23252.416666666668,54.916666666666664,729.5833333333334,188.75,7294.0,64.91666666666667,14.835057054355147,69.0,0,0,0
114.0,176.42105263157896,87.51357142857144,-0.09295144384285714,0.061445038685714284,0.4215020542857143,0.5532302057142857,36854.5,48952.642857142855,-19974.928571428572,15122.07142857143,10396.785714285714,3096.0,47.34131005368185,0.0,1,1,1
113.0,181.04545454545453,82.1425,0.42845093758333336,0.035697504416666664,0.28213768375,0.45739981386666667,-5387.083333333333,138301.83333333334,2115.25,-35566.0,-26676.583333333332,-2400.5,83.8981150672479,0.0,0,0,0
112.0,72.3157894736842,20.63923076923077,0.01475421843076923,0.009157264884615384,0.4864537776923077,0.8634813307692308,56314.0,116847.76923076923,-3659.076923076923,-3351.6923076923076,-2459.3076923076924,-8401.538461538461,81.48956461598756,52.5,0,0,0
111.0,153.77777777777777,18.34,-0.0025688222626666663,0.007968653993333333,0.30291843813333336,0.936310386,105255.26666666666,76211.8,18.866666666666667,-0.6,-2.066666666666667,4285.6,82.31581298804427,23.0,0,0,0
110.0,96.45,18.34,-0.0008681769107142858,0.008373494807142856,0.10366565614285714,0.9821436121428572,127145.14285714286,32429.714285714286,25.571428571428573,5.0,2.0,-11707.142857142857,83.09817739186848,0.0,0,0,0
109.0,67.57894736842105,18.34,0.0008525853453846154,0.008449703769230769,-0.10240505192307693,0.99015076,135939.07692307694,-26168.076923076922,24.923076923076923,-0.6153846153846154,-0.8461538461538461,-6135.923076923077,84.17815557515675,16.5,0,0,0
108.0,113.58333333333333,18.34,-0.0030823253384615387,-0.0016012204384615383,0.3597497630769231,-0.19057667846153847,2235.6153846153848,-127892.15384615384,25.0,0.6153846153846154,-1.3076923076923077,-8754.538461538461,80.6048815741634,100.0,0,0,0
107.0,111.6,18.34,-0.0065760915076923075,-0.005434427615384615,0.7706729053846153,-0.6371704400000001,-32916.846153846156,-172084.07692307694,-2.5384615384615383,0.15384615384615385,-0.7692307692307693,170.30769230769232,105.12313986404061,0.0,0,0,0
106.0,85.0909090909091,174.08153846153846,0.17241937965384613,0.3419544566461538,0.7143126715384616,-0.46082797538461534,-61377.769230769234,-83000.15384615384,52526.07692307692,-10424.692307692309,-5513.923076923077,-3508.846153846154,86.5988846121405,93.0,0,0,0
105.0,61.04347826086956,605.8523076923077,0.06646226684615385,0.7154012900000001,0.5332797975384616,0.2032520583076923,-107855.23076923077,49222.0,3699.076923076923,-5023.153846153846,-3983.6923076923076,-17972.23076923077,76.7112155027098,0.0,1,1,0
104.0,139.68421052631578,502.51076923076926,-0.008658468769230768,0.3633000046153846,0.4088036153846154,0.45155990192307693,-106143.0,19398.0,-12942.384615384615,-10924.76923076923,30050.46153846154,-10854.692307692309,65.61529960794276,79.0,0,0,0
103.0,157.70833333333334,140.59153846153848,0.03668870120923077,0.10239590458153845,0.9143267799999999,0.2667938263076923,-108067.23076923077,15104.384615384615,-35066.38461538462,7850.0,-8862.846153846154,14490.615384615385,71.10628885593184,70.0,0,0,0
102.0,164.5,18.32,-0.008464092500000001,0.0009934132518571428,0.9886551757142856,0.11390308610714285,-128851.64285714286,28472.571428571428,36.42857142857143,3.9285714285714284,-2.642857142857143,-1989.4285714285713,80.57542432922514,0.0,0,0,0
101.0,84.21739130434783,18.365714285714287,-0.007883763578571429,-7.321523807142863e-06,0.9949189185714287,-0.05737426067857143,-40932.357142857145,-3589.6428571428573,82.78571428571429,-81.57142857142857,124.92857142857143,-1260.4285714285713,24.991759138377564,54.0,0,0,0
100.0,102.88888888888889,22.602666666666668,0.025633460113333336,0.046151409899999996,0.9196042733333333,0.36213592333333333,-42129.0,50045.0,2337.6666666666665,-571.6666666666666,3446.8,-6445.466666666666,40.019510522444804,58.0,0,0,0
99.0,90.52380952380952,237.30076923076922,0.5038068138461539,0.3215228238461538,0.6640508676923077,0.3995536346153846,-12764.23076923077,64553.0,24881.69230769231,-8241.461538461539,9882.461538461539,-38.38461538461539,43.87891235905091,0.0,0,0,0
98.0,103.83333333333333,230.78384615384616,0.37896536076923076,0.5069292438461539,0.4563594069230769,0.6128384853846154,6279.153846153846,69690.07692307692,-22149.153846153848,-4692.076923076923,-6585.692307692308,-1726.7692307692307,44.49640761617305,0.0,0,0,0
97.0,151.25,39.2275,0.053949173603125,0.1049868515,0.574762129375,0.791733416875,18378.25,79294.3125,-2988.5625,-2229.0,-11207.0,3111.3125,51.59940941779709,76.0,1,1,0
96.0,216.92,122.43153846153845,0.4916699007692308,0.26992531923076923,0.27592554246153844,0.33865956953846155,-20748.153846153848,129649.69230769231,1805.4615384615386,-16529.384615384617,-33414.46153846154,10940.23076923077,79.18509790767835,88.0,0,0,0
95.0,93.96428571428571,487.72285714285715,0.4639592047142857,0.35089528857142854,0.6118537007142857,-0.03616724964285715,51540.07142857143,102694.21428571429,64525.71428571428,12225.5,3588.285714285714,26975.64285714286,90.67798855879586,0.0,1,1,0
94.0,97.96153846153847,724.8838461538461,0.5995487630769231,0.22098869499999999,0.23705593900000002,0.334372683,110150.07692307692,103421.69230769231,-19152.615384615383,-10040.153846153846,30978.846153846152,30779.153846153848,91.88977014138506,0.0,0,0,0
93.0,140.94444444444446,272.8446666666667,-0.12131308216,-0.10998937229493334,0.61952392,0.582843364,84627.4,178103.13333333333,-63968.4,-3314.4666666666667,22138.133333333335,-4353.533333333334,127.18101016152922,0.0,0,0,0
92.0,197.70833333333334,21.673846153846153,-0.017738784746153848,0.026368825115384614,0.8077207923076923,0.5606489546153847,-58543.692307692305,89243.23076923077,543.3076923076923,632.2307692307693,-1312.3076923076924,-2894.846153846154,75.43035400324285,0.0,0,0,0
91.0,249.2,18.338461538461537,-0.007166614292307693,0.0038753313276923074,0.8472646930769231,0.4543192018461539,-33637.692307692305,28806.076923076922,32.0,-4.846153846153846,0.0,18566.53846153846,29.91879564128303,0.0,0,0,0
90.0,180.42307692307693,18.34,-0.003934763457142857,-0.0006928490285714285,0.46197863357142854,-0.08251044285714285,-31434.785714285714,-80419.71428571429,28.357142857142858,1.1428571428571428,1.7142857142857142,18913.214285714286,59.86458945372067,35.5,0,0,0
89.0,159.1904761904762,18.34,0.0022755666346153847,0.008086592323076923,-0.26765036400000003,0.9503822938461539,98622.15384615384,-61682.153846153844,25.46153846153846,1.1538461538461537,-3.076923076923077,9869.692307692309,73.39560585867457,0.0,0,0,0
88.0,113.83333333333333,18.34,0.0008558459428571429,0.008457885,-0.102112329,0.9926873107142857,133556.14285714287,-27224.428571428572,24.071428571428573,-1.7142857142857142,0.5714285714285714,-3115.0,82.32743442577082,12.0,0,0,0
87.0,62.294117647058826,18.34,0.004001140683333334,0.007297810950000001,-0.47031295,0.8565994583333333,71582.08333333333,-104524.33333333333,26.166666666666668,-1.75,2.5,-10373.833333333334,83.13674242810822,100.0,0,0,0
86.0,85.16666666666667,18.34,-0.005251870130769231,-0.0026104655153846154,0.6171781423076923,-0.3065429523076923,-53629.53846153846,-120616.76923076923,25.076923076923077,0.38461538461538464,1.6153846153846154,-8504.307692307691,83.73561323010296,80.0,0,0,1
85.0,23.0,18.34,-0.008128202208333333,0.0003021085916666667,0.9545563216666667,0.03773494858333334,-113881.0,-75.16666666666667,27.75,-0.25,0.3333333333333333,-17997.25,81.15681703010968,0.0,0,0,0
84.0,146.0,18.34,-0.002407538195384615,0.007692357253846154,0.28893881136153843,0.9040037546153846,48217.38461538462,58325.769230769234,28.384615384615383,2.076923076923077,-1.8461538461538463,-15083.692307692309,59.10740503739157,0.0,0,0,0
83.0,98.52941176470588,18.34,-0.0009397320692307692,0.008475017615384616,0.10661134184615384,0.9925565769230769,52552.846153846156,10716.846153846154,23.23076923076923,4.846153846153846,-1.2307692307692308,-2526.076923076923,32.36021071567252,0.0,0,0,0
82.0,180.14285714285714,53.20214285714286,-0.06465456875071428,0.02625847917857143,0.19476560357142855,0.9583046571428572,88271.28571428571,47198.71428571428,15260.714285714286,-11371.142857142857,-900.5714285714286,6377.857142857143,63.89519079006794,0.0,1,1,0
81.0,202.83333333333334,125.45333333333333,0.5046569330833334,0.06036665733333333,-0.007197139749999998,0.51585360875,139984.66666666666,110776.75,-13332.166666666666,-36332.666666666664,-6893.0,16466.083333333332,107.8558179452361,77.0,0,0,0
80.0,96.3905325443787,54.81584269662921,0.05316919281944157,0.06864007513134607,0.27001887080898873,0.46725497870786514,7040.651685393258,-2177.4606741573034,2286.741573033708,-6131.696629213483,1546.6966292134832,-8740.213483146068,82.72480181900052,33.2,1,1,0
79.0,214.0,54.66153846153846,-0.13767470357692307,-0.01772384238923077,0.9401945523076923,0.14646949953846156,-19474.30769230769,2806.923076923077,-12427.538461538461,-3126.076923076923,8543.153846153846,14135.307692307691,19.548602034435845,0.0,0,0,0
78.0,146.0,19.414285714285715,0.0008862729857142857,0.0027047167785714285,-0.10513158428571427,0.31657510714285714,-1824.0,-78449.5,4365.857142857143,0.2857142857142857,-5.0,14860.714285714286,50.71184253222963,13.0,1,1,0
77.0,56.34615384615385,80.79714285714286,0.45995778435714285,-0.07127631742857143,-0.2683301152857143,0.39759484357142855,28811.285714285714,-146424.42857142858,3621.785714285714,31781.35714285714,-31411.0,-7732.214285714285,90.23529530936561,0.0,0,0,0
76.0,139.94736842105263,21.965714285714284,-0.029315064928571426,0.0012847323357142858,0.3521321042857143,-0.25708942500000004,-6501.642857142857,-155071.5,-3586.9285714285716,2631.0714285714284,-3950.0,-3173.4285714285716,94.03018250933691,25.0,0,0,0
75.0,124.5,117.8,-0.05001535472857143,-0.12388350573571429,-0.38228676071428574,0.8947632299999999,48448.57142857143,-104582.42857142857,22705.714285714286,-4069.3571428571427,-4630.071428571428,8589.285714285714,72.0135525990943,34.0,0,1,0
74.0,69.94117647058823,174.15666666666667,-0.16377450916666667,-0.008415014999999996,0.3316101908333333,0.25556930314166665,39711.666666666664,-82308.16666666667,-15422.75,16297.0,-10744.75,-15769.083333333334,57.79155131072638,6.0,0,0,0
73.0,72.78260869565217,32.174285714285716,-0.028032239071428572,0.004788676428571429,0.9481427050000001,0.26703458414285713,-46074.78571428572,35150.642857142855,-4525.857142857143,-1217.142857142857,2893.8571428571427,-8861.142857142857,37.59392798472186,0.0,0,0,0
72.0,88.95454545454545,45.589285714285715,0.03186409552857143,0.19196813187857145,0.7293805200000001,0.5537633235714285,-21198.214285714286,124818.71428571429,5289.428571428572,-12633.214285714286,13292.57142857143,-6889.714285714285,76.89879540802156,0.0,1,1,0
71.0,67.6470588235294,58.605714285714285,0.09256581535,0.18895554885714286,0.38541870142857143,0.3105141185714286,-13938.785714285714,167348.2857142857,-7665.642857142857,-17015.64285714286,28905.0,4508.571428571428,101.3906338680698,12.0,1,1,0
70.0,65.41176470588235,75.4407142857143,0.11862239121428572,0.2916597814285714,0.3864015792857143,0.35418961071428573,7984.714285714285,216152.14285714287,-1063.9285714285713,-19031.214285714286,45045.92857142857,-4904.642857142857,129.9813132993159,0.0,0,0,1
69.0,106.6470588235294,18.944615384615386,-0.004360866192307692,0.0025112616230769233,0.4660742138461539,0.8667178092307692,98901.30769230769,167950.38461538462,-2140.3076923076924,-1241.2307692307693,2422.5384615384614,-8365.692307692309,124.76326603059246,0.0,0,0,0
68.0,102.23529411764706,18.34,-0.0031740077692307693,0.007920598661538462,0.36846040769230765,0.9256528015384615,102483.38461538461,97942.15384615384,24.615384615384617,-0.07692307692307693,-5.0,-2742.076923076923,85.92304612353594,46.666666666666664,0,0,0
67.0,86.58823529411765,18.34,-0.00015770789266666665,0.008459580266666666,0.020497962066666667,0.9911475766666666,114823.2,1737.0666666666666,-4.333333333333333,-5.4,1.7333333333333334,-4401.733333333334,71.0881336803518,93.0,0,0,0
66.0,187.47619047619048,265.6576923076923,-0.023250205421884614,-0.06229630833076923,0.014723905953846152,0.5194291030769231,82450.30769230769,21819.69230769231,86458.76923076923,-4613.307692307692,-10298.307692307691,2173.3846153846152,98.62008352337226,0.0,0,1,0
65.0,227.07142857142858,1258.1641666666667,0.3502423625833333,-0.004092481333333324,0.4019068256666667,0.18585589000000002,-97742.91666666667,129658.75,49245.583333333336,-4308.833333333333,-30253.833333333332,-33282.166666666664,110.17562904935768,0.0,1,0,0
64.0,115.2,1195.1323076923077,-0.04488135076923076,0.09022332076923077,-0.009999272307692316,-0.005472207692307698,-114784.0,123854.92307692308,-35821.46153846154,-9461.23076923077,-5920.615384615385,7081.076923076923,107.84706602896894,70.0,0,1,0
63.0,113.33333333333333,597.795,0.10236262183333333,-0.08950222596666667,0.7846302316666667,-0.1662278055,-105066.33333333333,-50912.75,-85181.91666666667,-17890.0,2740.3333333333335,5917.916666666667,87.15728150618702,0.0,1,0,1
62.0,140.84615384615384,63.0614606741573,0.03813926181895057,0.10887393573631012,0.4873333665617977,0.15278551061797752,-34606.3595505618,-31700.213483146068,1273.4719101123596,936.7640449438202,6413.460674157303,-378.1685393258427,103.89581799754623,38.666666666666664,1,1,0
61.0,133.04347826086956,52.01285714285715,0.07113489925714286,0.04908858242142857,-0.10315275885928572,0.9716916521428571,121567.5,10170.285714285714,-12412.857142857143,-12376.714285714286,2458.285714285714,-1992.4285714285713,78.83930854982461,0.0,0,0,1
60.0,164.125,18.34,0.0013587180428571428,0.008375807071428572,-0.15879528971428572,0.9836150392857144,120852.92857142857,-40845.57142857143,24.714285714285715,0.7142857142857143,1.8571428571428572,4310.285714285715,77.62933969782043,0.0,0,0,0
59.0,126.8953488372093,130.57348314606742,0.03321859378511124,0.03224562764825731,0.4180472111685393,0.380636936,230.26966292134833,-15108.685393258427,2486.752808988764,2648.887640449438,7049.550561797752,-2047.2134831460673,83.26017692604725,50.2,1,1,1
58.0,72.35714285714286,18.34,-0.003782789775384615,0.007511009307692307,0.4371413976923077,0.8758705369230769,61778.846153846156,109121.92307692308,25.923076923076923,-0.8461538461538461,3.6153846153846154,-12635.846153846154,80.41353842577118,7.0,0,0,0
57.0,85.70588235294117,35.96846153846154,0.1192289372653846,-0.022938572661538464,-0.4268041163076923,0.8316887423076923,67916.92307692308,-121144.69230769231,4827.615384615385,7290.153846153846,-10875.384615384615,-17539.923076923078,92.66642626387458,19.0,1,1,0
56.0,56.09090909090909,60.49,0.3122438287916667,-0.13952751575,-0.24257660916666665,0.3096982372083333,24938.25,-227450.08333333334,-7090.583333333333,19533.833333333332,-33703.583333333336,860.8333333333334,137.48218956991448,8.0,0,0,0
55.0,118.78947368421052,18.334615384615383,-0.007117231230769231,-0.004878773215384616,0.816489773076923,-0.5673187692307692,-42277.230769230766,-138872.53846153847,41.69230769230769,-4.846153846153846,10.615384615384615,-3347.846153846154,89.65342714778544,0.0,0,0,0
54.0,185.8,18.34,-0.007527235761538463,-0.004024313969230769,0.8755240884615384,-0.4639532307692308,33960.846153846156,49724.0,23.846153846153847,-6.769230769230769,-2.3076923076923075,-9558.846153846154,37.060190067256684,0.0,0,0,0
53.0,120.08,18.34,-0.008354714461538461,0.0008592250923076922,0.9876731261538462,0.1005795163076923,40092.692307692305,8320.846153846154,23.46153846153846,-1.1538461538461537,3.3846153846153846,-8537.923076923076,34.27936918022415,100.0,0,0,0
52.0,133.88235294117646,19.314615384615387,-0.007984133615384616,0.0027727178461538463,0.9412824746153846,0.32976710769230766,-58012.153846153844,49700.46153846154,2423.0,11.307692307692308,-11.384615384615385,-4886.461538461538,46.41870852788038,56.0,1,1,0
51.0,164.33333333333334,84.75615384615384,0.40979094538461536,0.23843908115384618,0.46418255392307695,0.20826919815384615,-133625.23076923078,69957.15384615384,969.5384615384615,4548.153846153846,-48457.61538461538,-3732.3846153846152,90.8083471359737,0.0,0,0,0
50.0,67.875,23.179230769230767,0.0230497606,0.0235938053,0.8640674930769231,0.4786084461538461,-87842.23076923077,118822.46153846153,-5458.2307692307695,627.5384615384615,-5357.153846153846,-5250.538461538462,94.16954453971495,73.5,0,0,0
49.0,57.2,18.34,-0.005223346157142857,0.0064151836500000005,0.610294835,0.7528583292857143,13537.0,181791.85714285713,19.071428571428573,3.2142857142857144,-2.857142857142857,-13543.0,117.59209464477415,73.0,0,0,0
48.0,83.46153846153847,25.015384615384615,0.01402381268923077,0.006312531184615384,-0.4111226174615385,0.8742246507692308,76612.23076923077,-87049.07692307692,7052.384615384615,3443.846153846154,-2990.0,-15267.153846153846,83.43294857621324,56.0,1,1,0
47.0,52.73913043478261,78.25076923076924,0.5624007815384615,-0.3080687420769231,0.15734081707692307,-0.14877078723076922,-19683.46153846154,-178725.0,-5577.384615384615,8733.615384615385,-46884.769230769234,-8159.384615384615,108.13897346234302,45.0,0,0,0
46.0,45.285714285714285,18.245384615384616,-0.006591854607692307,-0.0029453610938461536,0.9097774223076923,-0.20672918192307693,-87921.38461538461,-73841.76923076923,-1179.6153846153845,346.38461538461536,-2507.0,-23471.076923076922,84.92344255382662,0.0,0,0,0
45.0,94.85714285714286,64.59,0.054800159757142856,0.24073140331571427,0.6145274342857142,0.63781135,35833.57142857143,161250.2857142857,9135.714285714286,-12110.285714285714,14675.642857142857,-11752.785714285714,103.55342308236659,25.0,1,1,0
44.0,66.21052631578948,72.02583333333332,0.10526682008333334,0.23241937739166665,0.24508477166666667,0.42154282383333336,103895.91666666667,196083.75,-8928.916666666666,-3705.9166666666665,35449.25,-13572.666666666666,133.41299078312275,1.0,0,0,0
43.0,77.8695652173913,70.58692307692307,0.2119617496153846,0.27424799176153847,0.31566256830769224,0.47657409076923074,127297.46153846153,188209.92307692306,4420.846153846154,3343.6153846153848,41087.61538461538,-2547.153846153846,136.92917370417084,0.0,1,1,0
42.0,81.8,26.488571428571426,-0.03193692142142857,-0.030743157678571425,0.419190785,0.88934322,144408.85714285713,171766.07142857142,-5150.142857142857,922.3571428571429,7540.571428571428,-12627.357142857143,136.31759315416824,13.0,0,0,0
41.0,85.75,26.44076923076923,-0.004114378600000002,0.00496343366923077,-0.02989600615384614,0.4315704992307693,77466.84615384616,-127115.53846153847,22.615384615384617,3037.5384615384614,-327.6923076923077,-19075.615384615383,110.7425937328036,31.0,0,0,0
40.0,170.42857142857142,18.255384615384614,-0.006212146892307692,-0.005855678638461538,0.7447014715384614,-0.6661708976923078,-23091.46153846154,-204264.46153846153,7.0,-93.53846153846153,390.0,2429.3846153846152,123.69679554149819,0.0,0,0,0
39.0,125.53333333333333,19.31142857142857,0.012700925685714287,-0.006467247449999999,-0.3464037342857143,0.45552760571428574,26920.0,-224275.2857142857,926.8571428571429,586.5714285714286,-2346.8571428571427,1354.7142857142858,136.4366479149024,49.0,0,0,0
38.0,109.61111111111111,20.24153846153846,-0.028288143815384616,0.013049448792307692,0.8330806061538462,-0.5395869030769231,-54827.230769230766,-154251.38461538462,-797.2307692307693,277.15384615384613,2301.923076923077,-4772.7692307692305,100.9757688923881,61.0,0,0,0
37.0,147.33333333333334,18.34,-0.00735711661764706,-0.004304571623529411,0.8634281105882353,-0.5033835705882352,-71534.58823529411,-125062.70588235294,18.058823529411764,0.11764705882352941,-0.6470588235294118,1252.235294117647,86.59136112515284,0.0,0,0,0
36.0,87.42105263157895,18.375833333333333,-0.007653906158333334,-0.00199562515,0.9368029,-0.30597514833333334,-95816.83333333333,-80730.08333333333,101.83333333333333,-289.3333333333333,2.6666666666666665,-9304.333333333334,79.56160738817967,0.0,0,0,0
35.0,85.64,36.60857142857143,-0.007889149257142857,0.22324524085714287,0.957780427142857,-0.08017507592857143,-67968.85714285714,-10327.142857142857,1144.7142857142858,-4211.5,-2993.0714285714284,-4477.785714285715,41.84338617786791,73.0,0,0,1
34.0,77.78571428571429,55.428333333333335,-0.0017996282416666658,0.27845915991166664,0.8340441058333333,0.28484859916666666,-82862.75,77142.41666666667,6521.083333333333,-14175.833333333334,5275.0,-11417.916666666666,69.749863522831,63.0,1,1,0
33.0,89.12,65.1776923076923,0.035519269284615386,0.2556589958846154,0.46023514307692304,0.23307995307692309,-145766.0,148458.84615384616,-5177.076923076923,-27061.384615384617,21459.923076923078,-8893.76923076923,125.26665134136586,37.0,1,1,0
32.0,213.5625,78.42083333333333,0.30066365325,0.3314441041166667,0.418324875,0.28467640275,-155193.41666666666,167019.75,1351.4166666666667,9019.75,-43618.166666666664,4856.833333333333,137.2203941614994,46.5,0,0,0
31.0,82.6875,19.745833333333334,0.0031208861,0.017071883033333332,0.8326911258333333,0.5417183158333333,-97055.91666666667,201104.0,-2779.5,1380.4166666666667,-2993.6666666666665,-4719.0,137.5201649643712,38.5,0,0,1
30.0,128.82608695652175,26.032307692307693,0.05081730132307692,0.06539949703846154,0.6805715200000001,0.717330786923077,13469.846153846154,223401.15384615384,168.07692307692307,-2270.3846153846152,599.9230769230769,2033.7692307692307,136.08149253688754,62.666666666666664,0,0,0
29.0,222.83333333333334,373.8691666666667,0.44273885878333336,-0.08571285486666667,0.7289979258333333,0.35916892800000005,-22109.166666666668,97045.66666666667,102183.33333333333,14155.75,7720.083333333333,1900.0,111.31115664286175,93.0,0,0,0
28.0,202.14285714285714,1624.8316666666667,0.46303568083333335,-0.2116851125,0.4225946675,-0.09211650108333332,802.5,-111546.0,80982.5,10884.583333333334,8489.416666666666,-1944.0,91.87552113340432,82.0,0,0,0
27.0,123.0,1543.103846153846,-0.42178236076923076,0.6547369246153847,-0.32246959076923076,0.5131373,40.92307692307692,-161039.76923076922,-74549.23076923077,1058.1538461538462,-10632.538461538461,-524.6923076923077,108.61647305661116,70.33333333333333,0,1,0
26.0,85.44444444444444,512.4353846153846,-0.18111916238461537,0.05558302161153846,-0.5017123830769231,0.8158152084615384,49102.0,-171484.46153846153,-120433.23076923077,477.3076923076923,-13568.846153846154,2484.076923076923,131.14311723758635,49.0,1,1,0
25.0,90.61904761904762,88.55307692307693,0.2769596137230769,-0.05569256736153846,-0.30056371115384617,0.43983670853846146,8461.692307692309,-220591.92307692306,5160.2307692307695,30251.923076923078,-30880.615384615383,2391.6923076923076,133.58487799946846,37.0,1,0,0
24.0,205.41666666666666,24.043333333333333,-0.026834372486666667,0.008923914946666667,-0.5161849053333333,0.829056286,73797.33333333333,-192017.4,-6123.533333333334,4317.666666666667,-4259.333333333333,10602.266666666666,134.14076917694197,0.0,0,0,0
23.0,217.69230769230768,18.34,-0.0013275695241666667,0.008307087241666667,0.1560810500833333,0.9727712858333333,187064.66666666666,48207.333333333336,25.833333333333332,1.4166666666666667,0.0,13716.916666666666,122.25337639616168,0.0,0,0,0
22.0,150.22222222222223,18.34,-0.007182131800000001,0.0043473068799999995,0.8379315540000001,0.5107952033333334,-51731.46666666667,136132.4,18.6,-1.4666666666666666,-5.0,15455.533333333333,97.50170570754679,0.0,0,0,0
21.0,108.52631578947368,18.34,-0.008058000646153847,0.0029586308692307692,0.9371160523076922,0.34581961461538463,-20211.076923076922,18402.615384615383,21.384615384615383,1.3846153846153846,5.384615384615385,-2216.0,16.486707341224065,100.0,0,0,0
20.0,87.0909090909091,18.34,-0.007248781261538462,0.004465439046153846,0.8461339646153847,0.5244069615384616,-10001.0,27769.615384615383,16.153846153846153,-1.3076923076923077,-4.230769230769231,-7710.384615384615,18.755564557019074,0.0,0,0,0
19.0,171.8,18.34,-0.006037840715384615,0.005776789576923077,0.7134914815384616,0.6778776138461539,-11751.307692307691,108868.69230769231,-3.4615384615384617,0.15384615384615385,-0.23076923076923078,8388.076923076924,69.36934658993405,56.0,0,0,0
18.0,140.4,18.34,-0.007395685753846153,0.004282430853846154,0.8645612676923077,0.5010284861538461,-52891.92307692308,90698.0,20.53846153846154,-0.5384615384615384,2.8461538461538463,337.7692307692308,63.12355555193641,0.0,0,0,0
17.0,105.64,18.34,-0.006850811207692307,0.005123604346153846,0.7988220538461538,0.5957764053846154,-31449.69230769231,103555.30769230769,9.615384615384615,-3.4615384615384617,-4.615384615384615,-4453.0,65.77740166302439,0.0,0,0,0
16.0,129.65,60.607499999999995,0.112081367875,0.017074579975,0.31786222533333336,0.8344541308333334,29323.083333333332,39857.5,8861.0,5673.083333333333,2569.25,-24048.083333333332,34.2511407835446,51.0,0,1,0
15.0,203.52941176470588,55.83916666666667,0.3397015454166667,-0.014422151000000003,-0.17768594583333333,0.6223391833333333,95142.91666666667,-8109.083333333333,-3577.5,-24899.083333333332,2235.8333333333335,9250.666666666666,58.07566517966694,0.0,1,0,0
14.0,152.47058823529412,51.93333333333334,0.5241372205333333,-0.11803096533333333,-0.02252291719166667,0.6126913593333333,183641.83333333334,-31605.083333333332,-3612.3333333333335,-34806.083333333336,11902.583333333334,-9342.25,112.02507030563235,27.0,0,0,0
13.0,69.11538461538461,49.395833333333336,0.2848101926916667,-0.05284944587499999,-0.2715296891666667,0.7843360875,153916.5,-138240.91666666666,8025.75,19462.916666666668,-13135.833333333334,-7677.25,128.22956899481943,12.333333333333334,1,1,0
12.0,75.0,54.09538461538462,0.18917349906153846,-0.05450528766153846,-0.2773626884615385,0.4539286392307692,119076.76923076923,-194098.46153846153,-8044.538461538462,18158.69230769231,-20728.846153846152,-5775.923076923077,137.07581299569793,0.0,0,0,0
11.0,91.70588235294117,18.34,-0.0011347974076923078,0.00028239023076923064,0.12973185076923077,0.03547440999999999,-17671.615384615383,-202814.84615384616,24.153846153846153,0.9230769230769231,1.7692307692307692,-8277.615384615385,125.94131816209301,0.0,0,0,0
10.0,78.8,187.70461538461538,0.2235954491153846,0.4257135113076923,0.7089395576923077,-0.3981115569230769,-52712.230769230766,-36525.92307692308,48167.769230769234,-13532.538461538461,-4502.0,-463.38461538461536,56.91652030576014,0.0,0,0,0
9.0,55.95652173913044,339.1257142857143,-0.16364330464285715,0.6143635085714285,0.6913044014285715,0.19628580157142858,-68166.0,8609.214285714286,-41553.07142857143,11172.857142857143,-15044.214285714286,-1450.4285714285713,54.040955214715765,5.0,0,0,0
8.0,133.27272727272728,25.57384615384615,-0.02493629665384615,0.012062172761538462,0.6576410353846154,0.7453882884615385,12683.0,125293.23076923077,3566.6153846153848,1688.6153846153845,-4658.538461538462,-7485.923076923077,77.29452471612473,0.0,1,1,0
7.0,162.16666666666666,81.075,0.4130418964285714,0.14821373228571427,0.3004878381428572,0.3912835435714285,-8699.285714285714,223162.7142857143,-3533.4285714285716,-22620.214285714286,-37443.78571428572,2149.6428571428573,134.24701220858157,100.0,0,0,0
6.0,130.33333333333334,18.263571428571428,-0.004996761757142858,0.00596279165,0.6624715771428571,0.7480421628571429,23928.714285714286,202298.2142857143,-528.6428571428571,-1381.2857142857142,-383.92857142857144,529.5714285714286,122.5363009485332,72.0,0,0,0
5.0,193.42105263157896,18.34,-0.006943767715384615,0.004807386123076923,0.8157656723076923,0.5603865753846153,-69054.92307692308,206986.23076923078,14.307692307692308,0.38461538461538464,1.7692307692307692,11698.923076923076,135.44184223815847,66.0,0,0,1
4.0,183.10526315789474,18.34,-0.008277201392857142,-0.001004588183,0.9699894342857143,-0.11603442616428572,-193568.57142857142,-33919.21428571428,6.214285714285714,-0.9285714285714286,0.14285714285714285,14993.0,129.55177404541078,0.0,0,0,0
3.0,98.0,18.34,-0.00792977053076923,-0.002448615117692308,0.9306727638461538,-0.2818565759230769,-160864.84615384616,-135685.0,10.846153846153847,-2.6153846153846154,-0.38461538461538464,-15558.923076923076,134.46364053096437,0.0,0,0,0
2.0,93.6,20.395833333333332,-0.0069921339916666665,0.0049879390550000005,0.7297183075000001,0.6457439483333334,-35501.583333333336,103283.08333333333,2591.4166666666665,228.83333333333334,-316.4166666666667,-15003.75,75.64937827832405,84.0,0,1,0
1.0,110.125,263.4171428571429,0.042017155571428565,-0.093939565,0.765619855,0.6288767907142857,37736.71428571428,99660.21428571429,32789.357142857145,751.9285714285714,-1586.4285714285713,4264.285714285715,67.40100079370436,0.0,0,0,0
0.0,145.22748815165878,174.2066871165644,0.0652546721304908,-0.06000813388408589,0.28647765067484665,0.45358424522085894,28246.355828220858,-41944.36809815951,-2490.7423312883434,5191.233128834356,4523.386503067484,6121.711656441717,125.35052011493939,19.833333333333332,1,1,0
