SecondsRemaining,CarSteer,CarRotationX,CarRotationY,CarRotationZ,CarRotationW,CarLinearVelocityX,CarLinearVelocityY,CarLinearVelocityZ,CarAngularVelocityX,CarAngularVelocityY,CarAngularVelocityZ,CarSpeed,CarDodgeActive,SpeedFlip
300.0,80.27777777777777,0.0010026965370454545,0.002784328115909091,-0.33075303479545454,0.9330284568181818,70667.72727272728,-54408.47727272727,28.113636363636363,-3.1363636363636362,-0.5454545454545454,3540.6363636363635,56.03710863474844,1,0
299.0,153.5,-0.25448161593125,0.4661332448125,0.17986051081249999,0.38034085424999997,108461.4375,126074.9375,8269.875,-32096.0625,20703.5625,4265.5,100.7022588489088,1,0
298.0,251.5,0.07138775388653847,-0.12842632473846155,0.5481671253846154,0.7814278992307693,73386.30769230769,154563.76923076922,-7544.538461538462,-12752.692307692309,8073.153846153846,9209.461538461539,107.95224156483488,0,0
297.0,253.5,-0.0023739179461538464,4.50258153846154e-05,0.799135416923077,0.01070636053846155,-106015.23076923077,81726.07692307692,29.307692307692307,-2.923076923076923,-2.230769230769231,31985.153846153848,83.64038636724052,1,0
296.0,145.16666666666666,0.0005768578807142856,0.0029216676142857145,-0.19962133,0.974143725,-25022.85714285714,3212.3571428571427,26.285714285714285,0.2857142857142857,3.7857142857142856,4361.5,18.026263115195675,1,0
295.0,194.16666666666666,-0.011142579653846154,-0.008265071530769231,0.29973701230769234,-0.024008041538461537,-4541.076923076923,61759.46153846154,9826.153846153846,3247.923076923077,1731.5384615384614,-11540.384615384615,46.44943883206767,1,0
294.0,38.833333333333336,0.175220533125,-0.018708721875,-0.2746662591875,0.2041294196875,8260.75,12785.125,-2091.8125,8463.5625,30363.375,9950.25,20.72779762067114,0,0
293.0,17.90909090909091,0.05944566462307692,-0.02485454353846154,0.22788495153846153,-0.13818246538461537,-20044.923076923078,-38906.307692307695,-7439.538461538462,-8864.76923076923,14343.846153846154,-4657.538461538462,29.41930957984848,0,0
292.0,109.5,0.24726412287142857,0.046322209935000004,0.9160128292857143,-0.14882411509285715,-120313.07142857143,-77233.78571428571,31167.14285714286,-6406.5,10709.642857142857,-3652.0714285714284,88.2865964677394,1,0
291.0,143.0,0.1587705009230769,0.22152051246153848,0.9201141576923076,0.03292601953846154,-127353.69230769231,-78063.07692307692,-26999.615384615383,2565.923076923077,-13387.384615384615,8489.615384615385,91.6682460725083,0,0
290.0,178.0,-0.004297346707142857,0.0011548778235714284,0.9739430450000001,-0.03361742171428571,-117075.28571428571,-11609.785714285714,-923.7142857142857,289.57142857142856,1253.142857142857,9630.92857142857,77.75738091666751,1,0
289.0,208.72727272727272,-0.11883183838461539,0.42272574592307693,-0.06013690238461538,0.192573071,-36540.38461538462,-131955.6923076923,13059.923076923076,5272.153846153846,31481.076923076922,12224.307692307691,84.56210722078471,1,0
288.0,228.42857142857142,-0.0016242220509999994,-0.1558273786642857,-0.42291281714285717,0.8597224721428571,18249.14285714286,-104013.85714285714,-12570.642857142857,4247.357142857143,13163.07142857143,8183.071428571428,71.43787848318928,1,0
287.0,111.8,0.0004105440168,0.0029486159666666663,-0.1444039712,0.9875575013333333,114190.53333333334,-35169.53333333333,27.466666666666665,2.066666666666667,-2.8,-887.2,72.07867230167045,0,0
286.0,63.714285714285715,3.7378207142857175e-05,0.0010454344785714286,-0.020536832857142855,0.34126874999999995,35374.71428571428,-113034.64285714286,27.785714285714285,-1.1428571428571428,-1.5,-13001.357142857143,80.45856119487696,1,0
285.0,232.66666666666666,0.0004889997792857142,0.002417254171428571,-0.16386057178571428,0.8119980528571428,84346.21428571429,-63575.357142857145,2169.8571428571427,-0.21428571428571427,0.7142857142857143,22635.64285714286,78.7130587974726,0,0
284.0,138.5,-0.1147932734375,0.310625087,0.1706744845,0.4503259481875,156212.75,78566.8125,1578.25,-31238.8125,35008.875,2668.5,105.24511886612393,1,0
283.0,198.0,0.014056194323076922,-0.03003897277692308,0.3466030915384615,0.93329768,137149.61538461538,104521.53846153847,-4879.923076923077,-3907.846153846154,4176.615384615385,1518.8461538461538,104.30532544872622,0,0
282.0,74.75,-0.0010551323083333333,0.0027526948916666663,0.34232902,0.9229929558333333,111946.83333333333,113438.41666666667,28.25,1.8333333333333333,0.5,-11371.416666666666,98.54498744543953,0,0
281.0,136.6,-0.0009183232415384674,0.01190034072307692,-0.4654081769230769,0.7042798715384616,71895.15384615384,-84928.30769230769,11830.923076923076,-4248.923076923077,13047.692307692309,-10741.0,75.3206496336144,1,0
280.0,82.66666666666667,0.169141035,-0.15425063725000002,0.2764976766875,-0.11265811031250002,22497.0,-121475.5625,-14579.8125,2303.5625,31952.4375,-8507.5,84.10083004532348,0,0
279.0,54.4,-0.08114290415333333,0.031994325324666666,0.9380647513333333,0.0821387804,-121284.73333333334,15393.266666666666,9469.466666666667,-7869.0,-6393.266666666666,-16841.2,83.48724363840735,1,0
278.0,0.0,0.45112006792857146,-0.1999230612357143,0.5862887729999999,0.24385460114285712,-145211.92857142858,101597.85714285714,-10020.642857142857,-26088.85714285714,-24520.85714285714,208.92857142857142,106.70500733080573,0,0
277.0,206.75,0.021081808355555558,0.004976414012555556,0.8064042611111111,0.07707125201111112,-171589.94444444444,28492.166666666668,5488.888888888889,5018.222222222223,-14815.333333333334,11302.0,110.25515391051886,1,0
276.0,190.0,0.4257444994933334,0.07304059844666666,0.745785606,-0.10401836396000001,-210616.33333333334,-37414.2,-6474.0,9895.933333333332,-29758.133333333335,-331.2,128.56362266977672,0,0
275.0,200.0,-0.0026920035166666666,-0.0013032929408333333,0.8876016391666667,-0.42858584,-81351.75,-57356.833333333336,27.833333333333332,-1.25,-0.3333333333333333,10473.0,63.06077034171159,1,0
274.0,76.42857142857143,0.0006928717133333332,0.0012230003399999999,-0.24542879933333334,0.4087899526666667,5374.4,677.1333333333333,26.933333333333334,-3.3333333333333335,-0.4666666666666667,4465.0,18.277406681618015,0,0
273.0,91.14285714285714,-0.0006365859833333333,-4.405749999999999e-05,0.20849481583333332,-0.019892778333333343,-10877.5,-90960.91666666667,27.5,0.0,-0.16666666666666666,-5809.5,56.876533894823986,1,0
272.0,255.0,0.00021264486666666663,0.0005098082999999999,-0.07593774666666665,0.16047960833333333,-4983.666666666667,-28844.083333333332,28.666666666666668,-1.0,-2.0833333333333335,5938.166666666667,21.55834361748401,1,0
271.0,89.16666666666667,-0.0006654274153846154,-0.000315595623076923,0.21252578230769228,-0.11705467769230768,-388.2307692307692,-75197.84615384616,27.384615384615383,-0.6923076923076923,4.3076923076923075,-1599.6923076923076,45.53746211103734,0,0
270.0,147.33333333333334,0.024282245839999998,0.02948566411333334,-0.3802587233333333,0.49424008933333335,29268.933333333334,-142438.6,23891.133333333335,-2371.133333333333,-12763.733333333334,-1213.1333333333334,88.97329446502211,1,0
269.0,244.25,-0.018057069346153847,0.5603102369230769,0.01415156961538462,0.3086691054615385,63701.61538461538,-153142.6923076923,-6986.692307692308,18597.846153846152,35875.38461538462,3032.230769230769,104.91541748848437,1,0
268.0,103.0,-0.0021052488933333336,0.5295367297333333,0.7749312620000001,0.20595523207333333,-11780.466666666667,19142.466666666667,-15472.0,10206.066666666668,-12305.2,-8279.2,28.16053181193724,0,0
267.0,146.8,-0.002021073423733333,0.009383197933333334,0.34709875760000003,0.907181484,71249.06666666667,59090.86666666667,5731.666666666667,-210.86666666666667,2589.4666666666667,-15627.266666666666,63.12874023135577,1,0
266.0,151.4,-0.04874072192307692,0.2788498607692308,0.10417620564615385,0.5399593266461539,160673.0,39101.307692307695,-6068.7692307692305,-15777.461538461539,40173.92307692308,1106.923076923077,99.52722572517678,1,0
265.0,162.33333333333334,-0.21823834060833333,0.40896218241666665,0.13252547708333334,0.5006704466666667,173354.16666666666,91908.66666666667,9281.833333333334,-26033.5,28440.75,3162.0,118.62190269391557,1,0
264.0,112.2,0.07749169643666667,-0.11412574551333333,0.32351477,0.9143281613333334,167404.73333333334,125435.13333333333,-7411.8,-9295.266666666666,9818.866666666667,2267.6666666666665,126.97688735710827,1,0
263.0,177.66666666666666,0.013576894041538463,0.03135114412307692,0.5375668661538462,0.8137345784615384,57250.692307692305,110934.76923076923,5021.615384615385,1008.5384615384615,-2423.769230769231,9733.692307692309,87.30051542525406,1,0
262.0,0.0,0.36345012642857144,-0.32578490285714284,0.39128268714285713,0.2950737685714286,-11061.285714285714,134090.2857142857,-2599.214285714286,-45929.28571428572,-9793.642857142857,-4312.571428571428,82.37898841901267,0,0
261.0,176.33333333333334,0.0034949511600000003,-0.0012352425333333333,0.6311486093333334,0.7740139166666666,27900.733333333334,119424.8,-1218.3333333333333,-3426.4666666666667,-85.2,-2270.133333333333,73.75539716639217,1,0
260.0,153.6,-0.002321740573333333,0.0018657004866666667,0.7717112673333334,0.63287984,-25878.6,135812.53333333333,27.2,0.3333333333333333,2.3333333333333335,2654.3333333333335,83.6284427097324,1,0
259.0,165.0,-0.002536325042857143,0.0014951293214285712,0.8529090721428572,0.49520952785714284,-64927.07142857143,119491.21428571429,26.5,1.4285714285714286,0.07142857142857142,10147.785714285714,85.61058335356951,1,0
258.0,208.71428571428572,-0.01831365621333333,-0.009432117904,0.8230742486666667,-0.22421812073333333,-116349.53333333334,-70393.66666666667,8168.866666666667,13494.066666666668,-7172.466666666666,14961.6,90.34933172295581,1,0
257.0,100.0,0.4751883059642857,0.29328076028571426,0.47704352678571427,-0.2805212432857143,-109818.14285714286,-148570.0,-8616.214285714286,35339.357142857145,-17938.714285714286,-766.7857142857143,111.12508900276245,0,0
256.0,45.666666666666664,-0.0029710803692307693,-0.00084968046,0.9768834223076923,-0.18279195615384614,-157819.38461538462,-66353.84615384616,125.15384615384616,-91.15384615384616,-14.23076923076923,-6775.7692307692305,105.76891244702304,1,0
255.0,129.57142857142858,-0.0029410632000000003,-0.0001188653436,0.9867351633333333,-0.0406037296,-160458.6,-19235.066666666666,15.133333333333333,-1.3333333333333333,0.7333333333333333,-8105.8,100.85579803373321,0,0
254.0,17.142857142857142,-0.002517087607692308,0.0014078344023076923,0.8425359292307693,0.4746482638461539,-78289.30769230769,109717.61538461539,15.384615384615385,1.6923076923076923,-0.6923076923076923,-14697.76923076923,91.31285434653127,0,0
253.0,109.22222222222223,-0.0014449063216666665,0.002561629225,0.4859831233333333,0.8601653508333333,65727.16666666667,116882.5,15.5,-0.5,0.4166666666666667,-8298.0,83.63889805949923,1,0
252.0,128.0,0.0003811038570214286,0.0020900982714285713,-0.13001254375,0.7000665285714286,83162.78571428571,-65921.42857142857,15.857142857142858,-0.21428571428571427,-1.2142857142857142,-21782.928571428572,78.61788597151006,1,0
251.0,146.28571428571428,-0.0022712093428571426,-0.001936346585714286,0.7589512314285713,-0.6502126492857142,-26173.571428571428,-172016.14285714287,2.142857142857143,0.0,2.7857142857142856,1586.4285714285713,104.54007530362723,0,0
250.0,98.15384615384616,0.18630481087999998,-0.04222432734666667,0.42777349,-0.35546935333333335,-68336.53333333334,-215429.86666666667,15967.066666666668,7120.666666666667,-16839.266666666666,3204.133333333333,137.76846469447494,1,0
249.0,202.6,0.39417846500000003,-0.10648097571428572,0.15398178214285713,-0.09181131071428572,-102372.28571428571,-203916.35714285713,-15076.5,17548.285714285714,-26286.928571428572,5168.357142857143,137.45569495858268,1,0
248.0,219.66666666666666,-0.012031597482857143,0.024992641235714284,0.04481589357142857,0.9431769742857143,102107.28571428571,-2103.0,-3634.1428571428573,1463.0714285714287,-6504.142857142857,22711.0,79.90349246029432,0,0
247.0,123.0,-0.1808814620875,0.22930260785,0.40934153375,0.5284121912499999,45868.9375,156861.875,11337.25,-33489.25,8001.3125,1382.4375,98.85938722306996,1,0
246.0,195.33333333333334,0.1672474918,-0.15106369246666668,0.400652844,0.4680404693333333,30991.0,197304.4,812.2,-35699.4,-2191.9333333333334,4253.666666666667,120.77902189841743,1,0
245.0,43.0,0.2298555625583333,-0.193223923125,0.6426677375,0.5965161516666667,18968.416666666668,206295.66666666666,-9879.083333333334,-25298.833333333332,-4782.0,-6236.583333333333,124.9428425346386,0,0
244.0,163.0,-0.002021620617647059,0.0021583946352941178,0.67920881,0.7218597364705883,15987.411764705883,191211.64705882352,27.647058823529413,0.058823529411764705,-2.4705882352941178,3837.470588235294,119.09109718493538,1,0
243.0,151.8,0.2870637567060091,0.21896711419792828,0.5895815840191919,0.20241248434343434,-71158.72727272728,-64498.606060606064,3984.4848484848485,3159.4545454545455,438.010101010101,4037.1414141414143,87.8457913737809,1,0
242.0,110.4,0.397725550625,0.42742642000000003,0.449571173125,-0.15183004718749998,-122373.4375,-117641.1875,-7067.4375,42062.375,-6418.875,12205.125,102.12160828252686,0,0
241.0,207.66666666666666,0.014961632425000001,-0.008360167414166666,0.9047139325,-0.4216517083333333,-112685.16666666667,-127627.33333333333,-4317.166666666667,2188.6666666666665,-2947.75,468.5,102.61335645987556,0,0
240.0,137.28571428571428,-0.002514514706666667,-0.0016114257266666668,0.8431352566666667,-0.5363802313333333,-72524.93333333333,-152142.4,40.0,0.06666666666666667,1.4,1508.9333333333334,101.40375595021466,1,0
239.0,118.8,0.26829234760000004,0.25526836668333336,0.8337578808333334,-0.13821297116666667,-88690.33333333333,-19403.5,48903.833333333336,-12369.666666666666,8862.833333333334,-11737.25,83.01171909522363,0,0
238.0,129.5,0.47071916076923076,0.5102744161538462,0.5268665061538461,0.40144514,-14367.307692307691,94415.92307692308,5882.615384615385,-11138.153846153846,-2336.769230769231,-5934.615384615385,67.77956846647831,0,0
237.0,32.75,0.47220474749999997,0.5214729341666667,0.4750697183333333,0.5184046158333333,27.083333333333332,132066.08333333334,-16180.916666666666,-4028.4166666666665,-2.1666666666666665,-0.08333333333333333,81.21210725592258,1,0
236.0,147.4,0.0825281203,0.18507729048333332,0.40156905833333334,0.85165142,70928.91666666667,111258.41666666667,-32328.75,1205.8333333333333,-17692.333333333332,1544.0833333333333,86.60852838003028,1,0
235.0,179.0,-0.0023251572500000003,0.00179646725,0.7769590242857143,0.6071525085714286,-28123.785714285714,127870.14285714286,39.92857142857143,0.21428571428571427,3.0,10109.642857142857,83.39768127677269,0,0
234.0,93.33333333333333,0.04928974963333333,0.05166257226666667,0.6784494491666666,0.6984647508333333,-4783.25,129798.75,-0.75,-2331.5,239.0,-11797.833333333334,83.12039167134867,1,0
233.0,151.5,-0.0020225091866666665,0.0021537825933333333,0.6400209446666667,0.7591324126666666,24052.4,129339.4,51.46666666666667,26.533333333333335,55.4,5761.333333333333,81.32448831542288,0,0
232.0,62.0,-0.0005745458325384615,0.002839115376923077,0.19041193792307692,0.9543176815384615,101599.53846153847,51195.38461538462,40.92307692307692,0.0,1.5384615384615385,-16967.615384615383,77.98080810459892,0,0
231.0,129.83333333333334,0.20735228425833332,0.055868270675,-0.4223161816666667,0.7864390241666667,105907.91666666667,-110745.41666666667,13248.416666666666,16898.833333333332,-7367.5,-7218.666666666667,97.75699645066756,1,0
230.0,242.88888888888889,0.28105982786666667,0.21497680326,0.294889392,0.156920323,131360.0,-44638.73333333333,-11653.466666666667,14976.866666666667,-10273.333333333334,33760.26666666667,83.86561013468017,1,0
229.0,92.375,0.4140362820617143,0.19575516594285713,-0.09035316614285714,0.5589802768571428,192126.2142857143,-74364.71428571429,9598.714285714286,33799.21428571428,9618.42857142857,-5391.5,125.2977401003519,1,0
228.0,38.666666666666664,-0.18303265624230772,-0.028584031892307696,-0.3328550307692308,0.8855686253846154,163966.07692307694,-137970.15384615384,-7931.2307692307695,15051.923076923076,-43.53846153846154,-9275.307692307691,133.76656406722236,1,0
227.0,51.75,0.08551953971333333,-0.10341451433333333,-0.5986712959999999,0.7739510726666666,50420.6,-202552.4,8999.266666666666,1044.4,-9659.333333333334,-3310.4,126.12598260518931,1,0
226.0,5.0,-0.21852425916666665,0.1361836125,0.6736059941666667,-0.4174339458333333,-6780.5,-40361.916666666664,-5161.5,4696.5,4202.083333333333,-5008.083333333333,27.746747845709123,0,0
225.0,102.85714285714286,-0.028392916054285712,0.009540348309285714,0.9714063442857144,-0.12116912757142857,-76187.0,-14524.214285714286,-2840.714285714286,893.2142857142857,4172.642857142857,-9656.357142857143,50.15155294865405,1,0
224.0,141.0,-0.0025739404153846154,-0.0013596962146153848,0.8679484153846153,-0.45254443192307686,-62425.153846153844,-86262.53846153847,15.307692307692308,2.230769230769231,-2.6153846153846154,12104.153846153846,69.96854446646172,0,0
223.0,253.0,-0.0013945613404615386,0.007362049146153845,-0.11789080478461537,0.6808175576923077,52869.153846153844,-46044.61538461538,-996.0,1713.1538461538462,3068.0,20214.153846153848,51.70118980348877,1,0
222.0,184.83333333333334,-0.015650181187333332,-0.03062728543333333,0.24949788,0.9610674433333333,101571.2,57107.86666666667,5380.933333333333,-585.9333333333333,-6162.866666666667,5133.533333333334,71.39020313037008,0,0
221.0,222.25,-0.3920188846666667,-0.3823448873333333,0.579799772,0.531910216,-5901.733333333334,115709.26666666666,-2682.133333333333,-16323.8,2737.266666666667,5932.6,77.86546604431653,1,0
220.0,132.55555555555554,-0.006786134306666667,0.0008093993177333334,0.9908098173333334,0.08191976746666667,-132543.13333333333,25039.666666666668,-1174.0,-89.26666666666667,2654.3333333333335,7767.266666666666,82.85546943386393,0,0
219.0,114.3,0.11338380093571428,-0.12155680042071428,0.6420057885714286,-0.15150573264285713,-168992.85714285713,-50574.42857142857,9760.214285714286,-15373.642857142857,-27117.14285714286,-1461.7857142857142,107.23661698341665,1,0
218.0,252.5,0.17390460635625,-0.2343977240625,0.87247502625,-0.173517551625,-193913.3125,-53773.4375,-9383.4375,-12584.625,-17331.6875,158.75,121.55081699781641,1,0
217.0,87.33333333333333,0.38327603154,0.1905814464,0.3716936759333333,-0.18339302673333335,-89728.8,-28851.2,3868.0,-37755.53333333333,28579.2,2702.6666666666665,57.615704706334135,1,0
216.0,25.5,-0.04194238057857143,-0.06263536888571429,0.9272661642857143,0.1175465265,-95551.35714285714,41424.78571428572,-8166.357142857143,-6612.642857142857,7232.714285714285,-21185.714285714286,72.23028135970388,1,0
215.0,104.5,-0.19058270898750002,0.19039272213125,0.43110377,0.4330656745625,-34079.3125,210266.0,3274.1875,-44141.1875,960.75,-2177.8125,128.1213989813752,1,0
214.0,82.5,0.028307509583333335,-0.03169140858333333,0.7130773633333334,0.6918196483333333,-17229.25,215900.66666666666,-5850.083333333333,-6891.833333333333,0.4166666666666667,-1674.75,130.86255811656235,1,0
213.0,133.83333333333334,-0.0019958672153846152,0.002221203723076923,0.6699181561538462,0.74112683,21684.69230769231,211050.53846153847,27.076923076923077,0.38461538461538464,-2.3846153846153846,633.8461538461538,127.6861703166452,0,0
212.0,169.3,0.28027976576153846,-0.09108173922307693,0.5612861038461538,0.6906134184615385,56394.692307692305,138465.07692307694,55850.230769230766,16641.923076923078,1977.1538461538462,-4566.153846153846,112.89547926999164,0,0
211.0,249.25,0.21546552824999998,-0.05504526499999999,0.12429285666666666,0.28355831825,-42812.416666666664,-15620.75,44605.833333333336,8539.083333333334,-28494.5,6064.166666666667,57.82369571257507,1,0
210.0,159.5,0.4690322492307692,0.41000607538461536,-0.185287688,0.7079224415384615,55355.769230769234,12044.0,-84932.0,-1298.6923076923076,-13751.307692307691,-8038.307692307692,70.30699240071912,1,0
209.0,127.66666666666667,0.032738858339999996,0.00827253156923077,-0.45144721538461535,0.8803938784615385,69326.46153846153,-98324.69230769231,-3868.6923076923076,-7450.384615384615,1294.2307692307693,-4372.7692307692305,74.62372401581429,1,0
208.0,211.0,0.0009903304861428573,0.002774852092857143,-0.32780141192857143,0.9304741585714286,140141.5,-124089.42857142857,53.42857142857143,0.9285714285714286,-3.0,14344.0,117.64393290239487,1,0
207.0,116.75,-0.041685364855000004,0.3690350429642857,0.08182858435714287,0.6376056739285714,140323.7142857143,21919.85714285714,9272.857142857143,-12742.285714285714,28805.571428571428,7873.214285714285,85.75881756601025,1,0
206.0,251.5,-0.034582316108571425,-0.14579983704285712,0.02941022633928572,0.8073137071428571,119154.42857142857,25736.285714285714,-8629.214285714286,3062.4285714285716,21464.214285714286,5655.214285714285,75.48657795113783,0,0
205.0,173.5,-0.0023411618666666664,0.0017096110266666665,0.7810028506666666,0.5783310793333333,-24464.933333333334,101191.46666666666,2.1333333333333333,-2.6666666666666665,-0.13333333333333333,15036.733333333334,70.7156142231153,1,0
204.0,0.0,0.13983055445384615,-0.052921291580769234,0.8972409530769231,0.35940375384615386,7692.692307692308,-7341.846153846154,20629.384615384617,8671.23076923077,11170.384615384615,3713.0,20.486527380295303,1,0
203.0,250.85714285714286,0.25755697367857144,-0.14034038942857144,0.43327189642857145,-0.1424536102142857,-10309.42857142857,68578.14285714286,-10259.857142857143,20432.285714285714,31690.64285714286,17786.85714285714,52.06041411675877,0,0
202.0,129.25,0.03340532927692308,0.037088331753846154,-0.4077807392307692,0.9027912946153847,31276.76923076923,-40099.07692307692,-8011.615384615385,-897.0,-7041.0,5033.461538461538,34.94535072665928,0,0
201.0,32.5,0.0006942122281818182,0.002858996981818182,-0.24523686181818183,0.9589704218181818,93985.18181818182,-51774.36363636364,53.09090909090909,-2.272727272727273,1.6363636363636365,-5856.909090909091,66.6567372551058,1,0
200.0,113.33333333333333,-0.0005205978642857143,-0.010440126564285713,0.7080341921428571,-0.13223720114285714,-45238.78571428572,-30101.571428571428,58.642857142857146,-178.57142857142858,-934.8571428571429,-14740.285714285714,38.48650719984499,0,0
199.0,195.25,0.072753160075,0.23682747901916668,0.6316113008333334,-0.23599761858333335,-118974.08333333333,-70064.25,20502.416666666668,9875.25,16226.833333333334,-4503.5,86.60590846831529,1,0
198.0,248.5,0.21032279383333333,0.42965877716666667,0.5991930408333334,-0.29604732875,-127429.0,-102160.75,-20817.916666666668,28574.25,4313.916666666667,-18028.583333333332,99.07452356006752,0,0
197.0,243.11111111111111,0.0032101211730769233,0.0036296670384615383,0.07371930107692308,0.3469244630769231,5761.153846153846,-110023.53846153847,-1236.7692307692307,1358.6153846153845,-3105.153846153846,23085.153846153848,84.49842762701745,1,0
196.0,208.0,-0.0007467939728571429,0.0028646369857142856,0.24654698692857144,0.96044235,115405.21428571429,61632.0,23.857142857142858,1.0,-1.0,10151.07142857143,81.38186828155169,1,0
195.0,187.83333333333334,-0.0016973827733333332,0.0024418647333333335,0.5676755466666666,0.81871669,67585.0,171404.46666666667,23.2,0.8666666666666667,1.6,6186.533333333334,112.0051164354861,1,0
194.0,58.25,-0.00010210980357142867,0.0016804760928571427,0.5483338521428571,0.8143203550000001,56091.07142857143,160998.92857142858,330.5,1391.9285714285713,-336.07142857142856,-11227.07142857143,108.99825125403254,0,0
193.0,1.0,0.43662953385714287,-0.13433403264285715,-0.20535725457142856,0.6599041635714286,100593.78571428571,-83249.28571428571,805.4285714285714,10066.785714285714,17168.5,-13126.285714285714,94.6893920181534,1,0
192.0,51.2,-0.04339787897333333,0.04624275335466666,0.9228220426666667,-0.2425853240666667,-109204.6,-60137.73333333333,8091.2,-7963.133333333333,-6693.866666666667,-17275.466666666667,87.20131575155963,1,0
191.0,79.0,-0.13809778538200002,0.12971332448666667,0.5540875409999999,0.016345394633333333,-155907.06666666668,30742.0,-7453.066666666667,-33430.73333333333,-20462.533333333333,-89.4,95.78398505205084,1,0
190.0,1.3333333333333333,-0.0027359325214285713,0.0018446350461428572,0.8832444614285714,0.3451771025714286,-67349.35714285714,61143.0,115.14285714285714,205.14285714285714,39.214285714285715,-22334.285714285714,66.45334889605515,0,0
189.0,30.8,0.01617546221666667,-0.0029145561583333334,0.23183642191666667,0.9469291958333333,96884.0,52728.25,238.66666666666666,1922.0833333333333,374.5,-16441.833333333332,73.6495804070389,0,0
188.0,129.88888888888889,0.01029196176325,0.0019398752833333333,-0.15316155283333335,0.9851283316666667,68442.25,-20425.833333333332,-286.3333333333333,-1776.8333333333333,722.9166666666666,2358.8333333333335,43.133734391907865,1,0
187.0,89.0,0.00011598812746153846,0.002959045853846154,-0.04372769069230769,0.9922180176923077,32056.0,-6911.846153846154,38.46153846153846,2.4615384615384617,-3.230769230769231,-5563.0,21.870167835642988,1,0
186.0,85.66666666666667,-0.0009214727384615386,-5.166553846153845e-05,0.30253869384615384,-0.021932311538461535,-13738.615384615385,-131982.6923076923,26.307692307692307,0.46153846153846156,-1.7692307692307692,-14150.846153846154,87.32990897333278,1,0
185.0,145.66666666666666,-0.0016689702366666668,-0.003091763533333333,0.7588310580000001,-0.6474382940000001,-36353.26666666667,-216563.13333333333,-280.46666666666664,597.5333333333333,845.2,3840.3333333333335,133.1797937634192,1,0
184.0,103.0,0.19577719480000003,0.1491081314257143,0.4273137131428571,-0.33347407292857145,-37115.642857142855,-225944.07142857142,10963.857142857143,30201.571428571428,-11470.642857142857,1826.2857142857142,137.85448813952337,1,0
183.0,169.5,0.140192824552,0.13857901324000002,0.7538683626666667,-0.5658665113333333,-40899.8,-223700.4,-2902.866666666667,17877.266666666666,-4119.533333333334,3203.4,137.46515051899132,0,0
182.0,93.0,-0.171226087,0.09944536553571429,-0.02835240214285713,0.08032590714285713,-21171.85714285714,-215470.7857142857,20523.35714285714,-1799.857142857143,10695.214285714286,3062.785714285714,130.95518909839814,1,0
181.0,107.0,-0.12267592266666667,-0.016671246466666668,-0.159415526,0.5648357306666667,-2117.3333333333335,-22492.733333333334,-20092.4,10537.933333333332,-239.13333333333333,7843.733333333334,36.25846266680519,1,0
180.0,252.5,-0.210067433,-0.11848501583333333,0.2624682694166667,0.8713325141666667,40870.25,33752.166666666664,-823.5833333333334,713.0,-2490.5833333333335,20228.166666666668,38.4551795023606,0,0
179.0,149.4,-0.06959448432666666,-0.05939100515333333,0.750898514,0.4152572373333333,-56777.26666666667,98636.73333333334,3808.4666666666667,-14711.733333333334,3660.733333333333,5767.933333333333,69.87775609884442,1,0
178.0,254.0,0.4646846772,-0.38527067718266667,0.4676191874,0.18442883153333334,-96211.46666666666,131509.0,-7173.333333333333,-36437.933333333334,-20044.733333333334,-704.8666666666667,98.08656022582129,0,0
177.0,85.0,-0.002682007211764706,0.0014888051594117648,0.9109667035294118,0.3840248182352941,-105436.94117647059,102026.35294117648,76.41176470588235,75.41176470588235,-18.176470588235293,-9054.823529411764,91.38638804839792,1,0
176.0,0.0,-0.0008155133962666667,0.00270692906,0.27494292746666665,0.909702976,85811.93333333333,68615.8,3.0,-1.3333333333333333,0.13333333333333333,-22318.533333333333,81.26310250475419,1,0
175.0,92.44444444444444,0.0012024171615384615,0.0027262396846153844,-0.40531821615384617,0.9120835115384616,109646.61538461539,-117111.07692307692,-7.0,0.0,-2.076923076923077,-4985.7692307692305,96.75806311301261,0,0
174.0,157.5,0.0018504152190625,0.001891550523125,-0.38550419975,0.90829013625,105302.5,-117725.4375,13.125,-18.75,10.25,7091.8125,99.22083656436824,1,0
173.0,135.0,0.00016122142107692305,0.0029959794461538462,-0.06666686276923077,0.9970775938461538,187117.38461538462,-24881.384615384617,30.692307692307693,6.6923076923076925,-4.384615384615385,737.4615384615385,113.55208420578785,1,0
172.0,150.83333333333334,-0.22214546143714284,-0.1696427257,0.3560652277857143,0.8087180071428571,102107.28571428571,95819.64285714286,7598.714285714285,-12096.142857142857,-4835.571428571428,17853.571428571428,109.37677984085092,1,0
171.0,144.42857142857142,-0.2811508933333333,-0.31690010333333335,0.5960803858333333,0.6670492566666666,7819.5,156545.16666666666,10146.166666666666,-402.75,-5610.5,-1796.1666666666667,94.86789761134247,0,0
170.0,108.33333333333333,-0.36929905583333333,-0.3791464033333333,0.5975438241666667,0.6005648916666667,-1642.25,713.0833333333334,-2089.6666666666665,1084.9166666666667,9.75,362.3333333333333,27.493319963791123,1,0
169.0,244.5,-0.420305348,-0.447067596,0.5404445853333333,0.5576590006666666,-652.9333333333333,108719.2,-2236.133333333333,-8061.6,3040.0,718.9333333333333,67.01566751160537,0,0
168.0,89.57142857142857,0.028865880928571428,-0.07033030935714286,0.5673081922142857,0.38522152421428574,-65176.42857142857,171201.42857142858,4225.071428571428,-27309.85714285714,712.5,-5452.142857142857,111.53118970974263,1,0
167.0,0.0,0.22896907236153846,-0.19957524785384617,0.6869785661538461,0.54350065,-61691.92307692308,201470.53846153847,-9186.0,-25029.384615384617,-4633.384615384615,-315.0769230769231,126.69860628873556,1,0
166.0,75.77777777777777,0.02040949934666667,-0.057042824219999996,0.6583013766666667,0.7194247593333334,3257.133333333333,175622.13333333333,11270.866666666667,8693.866666666667,-6486.466666666666,-4856.666666666667,112.57693578710337,1,0
165.0,203.0,-0.06310272133333333,0.45466615833333335,-0.4264958225,-0.14127631175,-91447.5,8360.25,27222.916666666668,558.6666666666666,-17348.333333333332,5733.333333333333,64.84096845889933,0,0
164.0,98.03703703703704,0.13373979474323094,0.10451041726329278,0.7499454021134021,-0.19337739012371136,-84730.78350515464,-103600.90721649484,-4120.577319587629,2987.8762886597938,-6918.525773195876,778.4123711340206,100.88053096691884,1,0
163.0,171.0,0.13535211000714284,0.06573777656428571,0.28235822114285714,0.8829768600000001,25667.571428571428,49021.142857142855,1460.0714285714287,-3514.9285714285716,7396.928571428572,-20095.571428571428,56.522377186007574,0,0
162.0,75.75,0.0058604559690625,0.00124248641875,0.11644073049999999,0.99162413,128719.0,29179.875,290.875,1290.5,-212.5625,-362.6875,79.587109744867,1,0
161.0,102.2,0.015761725932142857,0.0016939661428571429,-0.2427097462142857,0.9576087021428571,163069.2142857143,-82092.5,-306.35714285714283,-1550.642857142857,467.35714285714283,-9962.642857142857,114.41622959189542,1,0
160.0,124.57142857142857,0.0011791780469230769,0.0027291445692307695,-0.39476470076923076,0.9139435876923077,128141.30769230769,-136636.53846153847,39.69230769230769,-3.923076923076923,1.9230769230769231,-328.61538461538464,113.97781740389505,0,0
159.0,125.375,0.0017625571214285715,0.0023995284357142856,-0.587024695,0.8063277664285715,57571.78571428572,-172686.85714285713,39.785714285714285,-1.0714285714285714,2.0714285714285716,-2400.4285714285716,110.32363119483885,1,0
158.0,173.71428571428572,-0.0019178501384615385,-0.0008343260307692308,0.63407048,-0.29254074230769234,-60644.0,-143053.0,40.46153846153846,1.1538461538461537,-2.4615384615384617,-5323.846153846154,99.59780770895858,0,0
157.0,73.75,0.00104140322,0.0022722467692307693,-0.35586186153846155,0.7641968476923077,55338.61538461538,-88516.61538461539,40.61538461538461,-3.230769230769231,1.3076923076923077,10821.0,66.83509678840907,1,0
156.0,114.125,0.0011078007238461537,0.0027648332,-0.3710822869230769,0.9262459938461538,97432.46153846153,-92702.61538461539,40.15384615384615,-1.3846153846153846,-0.6153846153846154,-122.84615384615384,81.23449172787765,0,0
155.0,62.666666666666664,0.00028558708125000007,0.0007465049750000001,-0.09807158624999998,0.248685393125,15551.8125,-134933.5,40.25,-2.0,2.8125,-9637.625,84.29377024324725,0,0
154.0,60.0,0.043776244766666667,0.036799840991666666,0.9018997958333334,-0.23397456166666666,-73509.5,-110580.75,16762.083333333332,-3943.0833333333335,3963.0833333333335,-21563.0,81.70106700300572,1,0
153.0,169.0,0.18229465049333332,0.21830756133333334,0.6794912160000001,0.619247026,-63583.8,-45289.73333333333,-12538.466666666667,-4665.333333333333,2502.133333333333,5464.866666666667,54.133601554910776,0,0
152.0,64.0,6.879155687499985e-05,0.026226228270625,0.914393963125,0.30778678635625,-93496.0625,78477.4375,-753.1875,4158.8125,-150.125,-16057.125,82.21850426086041,1,0
151.0,0.0,0.294093419175,-0.26091527685,0.442028235,0.38909747725,-33890.0625,216673.8125,6347.0,-42396.6875,-5181.0,-377.0625,131.98829936285318,1,0
150.0,0.0,0.029532132813333334,-0.026288770266666667,0.7543505213333332,0.6509017593333333,-35123.53333333333,225651.33333333334,-6428.4,-6197.533333333334,-861.6,238.06666666666666,137.21331427329403,0,0
149.0,107.8,-0.0021264489933333335,0.0021066680599999997,0.711246392,0.7019622286666667,-3882.5333333333333,226260.06666666668,27.266666666666666,1.1333333333333333,-1.9333333333333333,-1143.6,136.1437870331983,1,0
148.0,89.63636363636364,-0.0020358164066666667,0.0022023357733333333,0.6700256506666666,0.7340414393333333,1849.3333333333333,148364.0,27.466666666666665,1.4666666666666666,3.3333333333333335,-6391.2,90.75754195365113,0,0
147.0,81.77777777777777,-0.0005021656333333333,0.0029100431,0.17349461175,0.9787046058333333,110332.08333333333,40453.25,25.083333333333332,-1.1666666666666667,1.75,-7788.0,72.31272487250531,0,0
146.0,212.66666666666666,-0.00020590140793333333,0.0029590458,0.18336462066666667,0.977670344,173680.8,37030.13333333333,26152.2,19.6,6.933333333333334,5894.533333333334,108.5306250548142,0,0
145.0,76.75,-0.14428666462628462,-0.30681383449230765,0.7545767376923076,0.27582397876923076,51267.38461538462,-54516.61538461538,-6970.538461538462,-4154.307692307692,-19149.30769230769,27332.46153846154,57.94379887296682,0,0
144.0,117.5,-0.06735374535333333,-0.11817544610666667,0.9331914153333333,0.026151015999999996,-5739.2,-17556.533333333333,-16057.933333333332,-9771.533333333333,5771.866666666667,-12188.933333333332,32.55242171689375,0,0
143.0,225.5,-0.0028212711307692307,0.0008741645743076923,0.9544358184615385,0.28024185653846156,-80233.69230769231,50631.92307692308,52.61538461538461,3.0,-2.5384615384615383,6976.153846153846,58.03167640381275,1,0
142.0,214.28571428571428,0.050773323684285714,0.017774379725714284,0.9169074278571429,-0.35359366,-113383.85714285714,-47805.0,22730.714285714286,-3588.1428571428573,5317.571428571428,14759.07142857143,75.72886478401794,0,0
141.0,105.36363636363636,-0.2199444107692308,0.015814903853846155,-0.2329951076923077,0.7794467215384615,-103403.69230769231,-93277.69230769231,-6604.923076923077,-632.0769230769231,-10.923076923076923,15370.846153846154,84.68968375522897,1,0
140.0,166.375,0.0033397650000000045,0.02526928,0.05545354014285713,0.17873838071428572,-60009.857142857145,-80820.28571428571,-14440.214285714286,-15427.642857142857,8399.42857142857,7922.0,61.393909394312615,0,0
139.0,225.75,0.018736414399999998,0.011283670618461538,0.8656016323076923,0.45599007038461536,-21544.076923076922,-12147.538461538461,-1762.5384615384614,-243.30769230769232,8724.846153846154,12553.076923076924,26.67969880258397,0,0
138.0,60.0,-0.0026457327076923076,-0.0012148666806384616,0.8969054753846154,-0.39806757954615385,-65876.30769230769,-83286.61538461539,42.76923076923077,0.0,-0.5384615384615384,10202.615384615385,67.78418237913294,1,0
137.0,175.5,-0.0029248788333333334,-0.00035246004466666666,0.98063565,-0.13277410166666667,-130323.41666666667,-37395.916666666664,52.833333333333336,2.5833333333333335,0.25,1108.5,84.58784595204068,1,0
136.0,65.0,-0.0027243722499999995,-0.0011886534583333333,0.9212421283333333,-0.38317228166666667,-111893.58333333333,-113795.66666666667,47.25,-1.75,-4.75,-4509.5,96.37615263752224,1,0
135.0,0.0,0.4267560565571428,0.26374084705428574,0.6958492742857142,0.2531217387142857,-44028.5,48140.42857142857,50910.357142857145,-21032.5,13679.857142857143,-5352.571428571428,71.40679493403975,0,0
134.0,143.16666666666666,0.038482488716,0.406912911572,-0.05667848699999999,0.823606806,53809.066666666666,-12403.866666666667,-54514.933333333334,-14117.733333333334,-15794.2,1072.4666666666667,67.07291669137508,1,0
133.0,89.8,0.0004148598454333334,0.00294430006,-0.15800574090000002,0.9739570693333334,113364.8,-29569.333333333332,2008.0,6.4,-4.8,-9164.933333333332,73.6648969958538,0,0
132.0,109.33333333333333,0.10710274933333333,-0.001321905686666669,0.243819564,-0.013355537999999985,26566.666666666668,-59773.333333333336,34893.666666666664,9286.866666666667,-1219.9333333333334,-10297.4,46.17953856263111,1,0
131.0,139.5,-0.05528422423076922,-0.12051752038461538,0.7961921399999999,-0.5540313161538462,2315.6153846153848,-26899.53846153846,-23703.30769230769,-967.5384615384615,-7554.7692307692305,-2227.769230769231,23.59619803057432,0,0
130.0,28.0,-0.048869396,0.0305769232655,0.9147278858333333,-0.27981207029166666,-39870.0,-18424.75,-15687.25,1349.3333333333333,2902.75,-15870.583333333334,38.38217717660449,0,0
129.0,223.5,-0.0020611975785714285,-0.00028207078071428574,0.6935465478571429,-0.10735894271428571,-68274.14285714286,-55129.357142857145,28.857142857142858,4.714285714285714,0.5714285714285714,21133.285714285714,64.8853573987079,0,0
128.0,105.77777777777777,0.0014830295600000002,0.0025774539533333337,-0.5050295086666667,0.8615077013333334,59495.6,-109907.2,27.4,-0.26666666666666666,0.13333333333333333,3197.2,75.44318830072274,0,0
127.0,93.75,0.0005164480307692308,0.0010414031923076923,-0.1787340976923077,0.35016608000000005,20786.23076923077,-80774.53846153847,28.923076923076923,-1.7692307692307692,1.3846153846153846,5054.076923076923,51.169902002576336,0,0
126.0,129.44444444444446,0.000844285636,0.002855825466666667,-0.2931052626666667,0.9544969040000001,102617.06666666667,-68677.13333333333,2094.6,-1.9333333333333333,0.5333333333333333,2340.133333333333,74.62070124555147,1,0
125.0,229.33333333333334,0.20303146978647058,-0.10200030844117647,-0.1690502434117647,0.3056954676470588,180286.35294117648,-122441.11764705883,26154.58823529412,-9094.70588235294,20767.352941176472,-6634.058823529412,132.35745569193045,0,0
124.0,97.0,-0.2732324505,0.5283640821428571,0.6567929028571429,0.37900323357142857,-31641.785714285714,-56179.0,-16688.214285714286,15238.357142857143,-2403.285714285714,-442.7857142857143,65.44874647669027,1,0
123.0,85.47826086956522,0.12804329198847475,0.0017833058527905285,0.5725373718105263,0.1174995328494737,-32125.242105263158,20115.042105263157,-1332.8631578947368,-7653.2,-10090.684210526315,-4944.663157894737,50.53617020417314,1,0
122.0,9.6,0.34689123293333335,0.09735845942166667,0.5113416433333333,0.6348068558333333,8191.0,117952.58333333333,10863.25,1563.8333333333333,18239.0,-19603.5,102.2845036692316,0,0
121.0,98.25,0.10697527507692307,0.38026480643846156,-0.20462189076923076,0.6981989674615385,150849.76923076922,-59570.92307692308,-2516.846153846154,-6683.384615384615,25526.53846153846,-9737.923076923076,99.47625953725418,1,0
120.0,51.8,-0.10068869090666667,-0.12950074561333333,-0.18314091513333333,0.8187932139999999,166290.0,-86585.66666666667,-7486.666666666667,11207.133333333333,20105.333333333332,-10429.533333333333,113.36857832111586,0,0
119.0,107.27272727272727,0.0010204098964705882,0.0027952979529411765,-0.34853073,0.9341652352941177,139611.5294117647,-119158.29411764706,52.11764705882353,2.0,-1.588235294117647,-2543.823529411765,111.1192704509969,0,0
118.0,78.0,0.0019373544692307691,0.0022842813538461538,-0.6410729584615384,0.7635644215384616,34241.38461538462,-155628.38461538462,52.15384615384615,3.8461538461538463,-1.6153846153846154,-5299.384615384615,96.94038117534481,0,0
117.0,116.25,-0.0013758529466666666,-0.0011809209933333334,0.4541794493333333,-0.393819134,1484.2666666666667,-9241.8,52.53333333333333,-1.6,0.4,1026.2,14.84746089569259,1,0
116.0,70.25,0.125820695725,-0.05256934870833333,-0.6372546783333334,0.7195497341666667,8042.833333333333,-128103.5,15226.083333333334,7397.083333333333,-11133.75,5230.666666666667,78.29326163634666,1,0
115.0,182.57142857142858,0.4851410365,0.2878774642857143,0.3767733017857143,-0.09225664214285714,-3920.714285714286,-171503.14285714287,-10087.857142857143,26258.35714285714,-14990.42857142857,26202.285714285714,103.31618060817063,1,0
114.0,0.0,0.001435015903475,-0.023585254158333336,-0.35091353275,0.9097147116666666,88554.5,-101584.83333333333,-4322.0,2427.9166666666665,4015.5,15448.25,90.33364950310015,0,0
113.0,185.42857142857142,-0.0018654465999999998,0.0012365583428571426,0.3834073435714286,0.9087385642857143,93778.35714285714,89912.85714285714,143.21428571428572,-89.78571428571429,-476.92857142857144,13603.92857142857,82.90018209318956,1,0
112.0,146.0,-0.1460804697142857,-0.16199594892857141,0.6506245964285714,0.7222622657142858,11404.714285714286,117763.78571428571,3979.285714285714,-114.0,-5321.357142857143,1382.2142857142858,71.1172213271063,0,0
111.0,144.57142857142858,-0.0742444851625,-0.0523135498275,0.837701544375,0.515939695625,-42432.3125,85153.8125,-4965.1875,-3340.9375,6719.875,8935.375,58.10476891280939,1,0
110.0,198.0,-0.0028846747785714285,-0.0003572126017857143,0.9683648835714286,-0.11521749128571428,-127887.0,-33101.642857142855,19.857142857142858,-1.8571428571428572,-1.5714285714285714,13802.214285714286,87.69128790864136,0,0
109.0,117.42857142857143,-0.00273482465,-0.00118213480625,0.91527678,-0.39771906375,-105624.4375,-112267.3125,27.25,2.5,2.3125,855.1875,93.11044138311266,0,0
108.0,135.0,-0.00281518468,-0.0009989365133333335,0.9380593586666667,-0.3451425793333333,-117151.4,-98773.66666666667,27.2,3.4,3.3333333333333335,1636.4666666666667,92.04661383518486,1,0
107.0,29.5,-0.003515958146153846,0.0003475493758461539,0.9676538723076924,0.022845603692307696,-155692.92307692306,4269.2307692307695,4806.384615384615,-359.3076923076923,-321.7692307692308,-18691.076923076922,105.7774415499936,1,0
106.0,114.5,0.2927395152857143,-0.24900895292857145,0.524988785,0.2678603729285714,-157159.7857142857,165988.2142857143,556.6428571428571,-44052.21428571428,-20189.14285714286,-2893.714285714286,137.35617360782723,1,0
105.0,43.0,0.0036388096692307696,-0.008864315661538462,0.7666067407692307,0.6146970876923077,-54801.0,197043.46153846153,-2691.076923076923,-3195.3076923076924,-423.61538461538464,-8326.538461538461,131.54902671144916,0,0
104.0,210.66666666666666,-0.001991450607142857,0.002225738885714286,0.6707361278571428,0.7401401864285714,22925.571428571428,208591.7857142857,39.57142857142857,0.35714285714285715,-4.714285714285714,3275.4285714285716,126.42624556739905,0,0
103.0,1.8333333333333333,-0.0009956771196875,0.002636706775,0.32756681587500003,0.888902291875,92443.4375,119551.9375,42.0625,1.625,0.9375,-21226.625,110.33315249501294,1,0
102.0,46.25,0.13257870349642856,0.12371008605,-0.15080853157142857,0.36630101621428574,65327.71428571428,-141977.0,7797.0,27869.35714285714,-1409.642857142857,-11694.642857142857,99.71587725038542,1,0
101.0,20.25,0.21166133576666668,0.21503155985833333,0.7221404458333334,-0.4690946233333333,9632.166666666666,-159347.75,-10590.25,25238.25,-4885.916666666667,-11525.25,102.78955082760369,1,0
100.0,52.875,-0.0030738810214285713,0.0011090160235714287,0.9161362928571428,0.2712926462142857,-94620.5,63173.857142857145,4557.928571428572,-372.57142857142856,-63.07142857142857,-19470.428571428572,82.93456520031502,0,0
99.0,95.4,0.301442952,-0.2585293946153846,0.440753254,0.3764800126153846,-43760.61538461538,210067.53846153847,-1521.2307692307693,-45631.846153846156,-7022.538461538462,-719.5384615384615,129.00777609276125,1,0
98.0,66.28571428571429,0.5501870367857143,-0.011838155714285715,0.3055530132857143,0.6697369085714285,90400.57142857143,74565.42857142857,37856.142857142855,8003.0,22957.071428571428,-7436.0,100.50534967857253,1,0
97.0,135.0,0.4551914623076923,0.23982806615384614,-0.3565498984615385,0.7471251623076923,46495.92307692308,-12223.615384615385,-42729.230769230766,-13182.076923076924,4296.461538461538,-2940.6923076923076,40.718288166265175,1,0
96.0,125.0,0.0020444622,0.0007288425793333334,0.48334499133333336,-0.091953524,-18047.866666666665,-52980.13333333333,-948.4666666666667,-2184.3333333333335,730.0,-18383.733333333334,38.041693400253926,0,0
95.0,84.91666666666667,-0.0025245849333333332,-0.0014531783600000001,0.8549079153333333,-0.48707735333333335,5429.333333333333,-22395.666666666668,27.8,-0.06666666666666667,6.466666666666667,7491.933333333333,23.894723946733336,0,0
94.0,182.5,-0.0023862166090909093,-0.0017614010454545456,0.7962749245454546,-0.6007234218181818,-27517.18181818182,-99562.81818181818,27.363636363636363,-0.7272727272727273,2.727272727272727,2957.5454545454545,62.51183494147604,0,0
93.0,110.0,-0.0023593935,-0.0018095392384615385,0.7927024138461539,-0.6058663830769231,-33735.692307692305,-128978.76923076923,27.53846153846154,-2.8461538461538463,-7.076923076923077,-3786.5384615384614,80.58922896409129,1,0
92.0,185.5,0.29361682547857143,0.19896701429285715,0.3349747502857143,-0.3036133726428571,-29424.5,-174658.2857142857,6831.357142857143,38985.71428571428,-7593.642857142857,2503.5714285714284,106.81813979724224,1,0
91.0,202.0,0.1512496908153846,0.08754729606884615,0.19033399538461537,-0.08796839923076923,1229.3076923076924,-184647.07692307694,-9630.153846153846,17737.69230769231,-3966.6153846153848,5859.153846153846,114.14947532622995,0,0
90.0,51.625,0.0011641200142857144,0.0027444100714285715,-0.39269914142857143,0.9082275885714285,104519.5,-92206.64285714286,2.857142857142857,2.7142857142857144,-0.7142857142857143,-4925.071428571428,85.26447754646483,1,0
89.0,44.285714285714285,0.0016713754,0.00244181978125,-0.5634532437499999,0.819550448125,829.4375,-8837.8125,2.125,-2.3125,1.0,-2995.8125,17.809713334322993,1,0
88.0,176.42857142857142,-0.0027270696384615388,-0.0010970111223076924,0.9160855338461539,-0.37840719615384616,-65462.692307692305,-61928.46153846154,2.3076923076923075,2.4615384615384617,1.5384615384615385,-3629.0,55.51499063408188,0,0
87.0,57.142857142857146,-0.00278679775,-0.0010261673771428572,0.9371096128571429,-0.33641809571428577,-96758.0,-80288.78571428571,1.8571428571428572,0.0,1.2142857142857142,-7944.071428571428,76.56353653139625,0,0
86.0,48.0,0.28188277470833334,0.15761363039666668,0.8357127974999999,0.2362696075,-74528.16666666667,63526.833333333336,34141.583333333336,-9419.333333333334,16204.583333333334,-10348.916666666666,77.85137183378528,1,0
85.0,3.0,0.09249452314285714,0.38952174442857146,-0.06209433671428572,0.7727804385714286,26822.714285714286,30748.428571428572,-36085.07142857143,-22799.85714285714,-17668.214285714286,-15897.42857142857,56.950158895440175,0,0
84.0,198.71428571428572,0.2214929833375,0.37421376735625,-0.2967854134375,0.536835312175,56064.25,-77622.5625,9465.375,28503.625,13659.0625,14882.75,63.759543082764644,1,0
83.0,178.8,0.014667058291099998,-0.019507263369230768,-0.16977095061538464,0.6912339723076923,89148.07692307692,-36898.53846153846,-1308.4615384615386,14534.153846153846,15596.307692307691,12536.076923076924,59.72978630165686,0,0
82.0,96.0,0.0391654715275,0.25748803700833334,0.013690244583333332,0.49464967916666663,98242.25,653.8333333333334,17984.833333333332,-4528.5,-35436.666666666664,-1533.1666666666667,70.75586742149112,1,0
81.0,249.5,-0.2348333526875,0.290402564221875,0.0519386023125,0.784519644375,-31078.3125,101883.125,-18782.4375,16519.4375,-16500.5625,9643.25,66.0831683307706,1,0
80.0,157.2,-0.05207526562933333,0.04858301528666667,0.27630257,0.9306359973333334,85160.66666666667,73348.73333333334,7904.2,-10494.4,2731.5333333333333,10469.466666666667,69.83072483019983,1,0
79.0,217.0,0.4256091833333333,-0.2944374260666667,0.2566672455133333,0.5822143343333334,118041.13333333333,151074.46666666667,-8212.466666666667,-35368.6,5772.4,-3077.2,115.68885105197596,1,0
78.0,250.875,-0.043152689641666665,-0.013528860025,0.19727991566666667,0.9498752525,65758.25,36531.25,-2158.25,-1438.8333333333333,3357.0833333333335,11495.333333333334,48.62305278956806,1,0
77.0,217.14285714285714,-0.002718797593333333,0.0006457571393333333,0.9152325213333333,0.21939011133333333,-76533.13333333333,40453.666666666664,15.666666666666666,1.5333333333333334,0.6666666666666666,21956.666666666668,66.56133165219829,0,0
76.0,41.142857142857146,-0.0029390080571428568,-0.00030711805625000004,0.9895847385714286,-0.09613140484571428,-126245.71428571429,-24769.5,15.0,4.214285714285714,-1.2857142857142858,-7364.714285714285,78.8699570926148,0,0
75.0,177.55555555555554,-0.002959431192857143,2.6973984357142856e-05,0.9931385792857144,0.005960884297142858,-137145.2142857143,3009.4285714285716,15.142857142857142,-0.6428571428571429,-1.0,4578.285714285715,84.30406699506258,1,0
74.0,201.8,-0.0022076277642857143,-0.0012196093471428572,0.7424362221428572,-0.40802036785714285,-61616.21428571428,-110900.92857142857,15.071428571428571,-1.5,-2.5714285714285716,12286.357142857143,81.10926343209621,0,0
73.0,58.77777777777778,-0.18101268794285713,0.2159693723214286,-0.24978601164285716,0.3667952,37819.142857142855,-69727.07142857143,26111.214285714286,-2448.5714285714284,-34183.0,-4567.714285714285,76.99886385232087,1,0
72.0,179.5,0.050747106428571435,-0.07797200271428571,0.08516972571428573,0.041109245714285716,67677.85714285714,35224.21428571428,-22044.35714285714,-6051.357142857143,-22315.928571428572,4223.571428571428,48.56809287335904,0,0
71.0,106.1,0.009366072809375,-0.0017985086937500005,-0.554040305,0.8298029175,26423.5625,-38725.625,-962.625,-2152.4375,4091.75,-1836.625,33.3290466092646,0,0
70.0,165.83333333333334,0.00023961889166666662,0.00048328384999999995,-0.07205266416666668,0.16009947416666667,5077.333333333333,-22673.416666666668,2.5,0.0,-3.8333333333333335,1280.9166666666667,17.419215637619903,0,0
69.0,168.16666666666666,0.00109581803125,0.0027479744375,-0.3726503575,0.9214937875,68629.625,-63848.375,1.5,-1.125,0.5,5453.1875,57.559399664679596,1,0
68.0,92.24242424242425,-0.02540015934942581,-0.0592506094162,0.519537331827957,-0.2514025956989247,-26769.40860215054,33330.4623655914,2637.3655913978496,-367.76344086021504,567.8817204301075,-4964.817204301075,83.26702413695554,1,0
67.0,153.11111111111111,-0.06802555119285715,0.06259259588642857,0.9238599007142857,-0.3053662985714286,-169352.64285714287,-102682.14285714286,15880.642857142857,-73.85714285714286,-10639.642857142857,10025.57142857143,121.01855156197338,1,0
66.0,215.28571428571428,0.44285722307142855,0.24955230207142856,0.4362410922857142,0.20038130100714285,-166829.07142857142,-61420.07142857143,-7867.071428571428,23885.571428571428,-10195.714285714286,41641.857142857145,106.96328659503213,1,0
65.0,221.75,-0.11559204770833333,0.149765071675,-0.20494025666666668,0.6079103233333333,-54.416666666666664,-49397.333333333336,-10848.666666666666,9037.5,-1234.5,15423.166666666666,52.843261180989,1,0
64.0,37.75,0.0030898805437500005,-0.1554469394375,-0.329343128125,0.898538956875,127758.625,-58711.75,20632.75,3589.125,-8950.375,-8636.9375,85.6817730388357,0,0
63.0,234.46153846153845,-0.2633422615,0.4331409109375,0.25755038875,-0.025727225937499997,180902.4375,-77161.375,-6305.8125,12038.1875,27645.0,20501.6875,118.17406838098877,1,0
62.0,189.75,-0.11361562717571429,0.10771633172142857,0.028609391428571416,0.44182219464285716,201315.14285714287,-75710.57142857143,-16365.0,-4200.642857142857,22353.714285714286,21358.14285714286,130.07654241544975,1,0
61.0,158.42857142857142,0.0006025313446875,0.0029212823,-0.19142126471249998,0.97653565875,190227.5,-79070.375,16.1875,0.625,-4.0,3002.1875,125.34497974039832,0,0
60.0,157.25,-0.075566103004,-0.06611042568666667,0.6278921953333333,0.6948358573333333,40660.26666666667,118370.26666666666,-870.4666666666667,-4986.066666666667,-251.06666666666666,19221.666666666668,96.05804396123366,0,0
59.0,113.625,-0.0023436794666666667,0.0017955680866666667,0.8155921713333334,0.5711174813333333,-46715.26666666667,130017.73333333334,37.8,16.533333333333335,-55.266666666666666,3137.2,84.0404956885026,0,0
58.0,251.16666666666666,-0.0027962499352941175,-0.000382554555,0.938676261764706,-0.13078417929411765,-102561.5294117647,-19554.647058823528,28.352941176470587,0.5882352941176471,0.23529411764705882,22766.882352941175,78.28004146059789,0,0
57.0,158.5,0.0007878477876923077,0.002740764107692308,-0.2692600889230769,0.9209597653846154,85564.38461538461,-61802.769230769234,28.53846153846154,-0.3076923076923077,0.3076923076923077,19524.615384615383,75.50719396875753,1,0
56.0,194.6,-0.0015604448775,0.0018701926,0.4612456233333333,0.8706359616666667,73170.08333333333,102647.91666666667,78.91666666666667,120.75,-312.0833333333333,11914.75,80.35871619396914,0,0
55.0,184.71428571428572,-0.013511315950000002,-0.010556123507142858,0.7614140071428571,0.6410281385714286,-22047.571428571428,136614.2857142857,57.857142857142854,-539.7142857142857,-181.71428571428572,5532.857142857143,84.42719022530822,0,0
54.0,250.8,-0.0028010554214285715,0.00025008735,0.9424007249999999,0.07647422,-104382.28571428571,27299.285714285714,28.214285714285715,1.7857142857142858,-1.5714285714285714,21856.85714285714,81.04612920984951,0,0
53.0,202.0,-0.0009306023999999999,-0.0006940613692307692,0.30703460153846157,-0.23402936615384612,-6962.692307692308,-983.3076923076923,28.23076923076923,0.23076923076923078,-0.38461538461538464,3997.153846153846,32.07533291304483,0,0
52.0,192.0,-0.00030904476428571427,0.00026627175714285714,0.09860078428571428,0.08310682071428573,14403.214285714286,-26398.714285714286,2146.214285714286,-1.5714285714285714,-1.5,6419.142857142857,24.992910641430054,0,0
51.0,148.33333333333334,-0.03359937195833334,-0.311356474275,-0.32275707258333336,0.8283952708333334,60724.916666666664,-99182.08333333333,42444.25,-4086.6666666666665,-7900.25,19009.833333333332,74.51169488506552,0,0
50.0,47.0,0.36071449623076923,0.3375476538461539,0.5832003776923077,0.1882878416923077,68055.38461538461,-94268.23076923077,10778.846153846154,-1267.1538461538462,-814.3846153846154,47408.0,70.7474038507031,0,0
49.0,108.5,0.005915056214285705,0.09266291618571429,0.2844860592857143,-0.05874108148571429,-13763.714285714286,-46635.07142857143,-59090.21428571428,12092.07142857143,14861.285714285714,3652.785714285714,67.33148827617607,1,0
48.0,69.5,-0.0022091691666666666,0.0011499884855555556,0.8069025472222222,0.5379047022222223,-46448.38888888889,99061.61111111111,107.27777777777777,-183.38888888888889,-53.833333333333336,-17663.5,74.63546011025676,1,0
47.0,251.8,-0.0022473180785714288,0.0016365500835714285,0.764244935,0.5403794455714286,3082.4285714285716,114203.78571428571,16.214285714285715,2.357142857142857,1.6428571428571428,20061.428571428572,71.5554075621507,0,0
46.0,170.0,0.02488755861333333,-0.085467389834,0.478877412,-0.13808691533333334,-32874.2,-75148.0,12978.733333333334,-5974.333333333333,-9485.266666666666,16526.4,57.73657507217732,1,0
45.0,125.57142857142857,0.0167140495,0.6209646316666667,-0.04028804966666667,0.2567118771666667,-2108.0,-157375.5,-4572.583333333333,20945.916666666668,38900.75,16679.666666666668,94.5641734217536,0,0
44.0,251.0,-0.21079687643076922,0.32548959127692306,0.42254656307692307,-0.3727045553846154,759.6923076923077,-146801.53846153847,-9320.0,7653.692307692308,15463.461538461539,6371.076923076923,88.57282859237351,1,0
43.0,252.0,-0.21694542908666664,-0.15318457498666666,-0.10132778873333333,0.739318136,87935.26666666666,-4825.8,18355.066666666666,-18603.4,-295.46666666666664,13456.933333333332,74.50747330566442,0,0
42.0,115.2,-0.18918390705714286,-0.039312807414285715,0.8054970635714286,0.4670241392857143,-48226.78571428572,101669.85714285714,-16276.42857142857,726.0714285714286,14856.92857142857,7717.5,79.13018215019507,0,0
41.0,127.0,0.38245745873333337,-0.21160361293333332,0.4544575793333333,0.24931267146666666,-121633.06666666667,174367.8,3928.4666666666667,-39707.0,-25085.4,-274.1333333333333,127.94103738079886,1,0
40.0,190.66666666666666,0.022698288200000003,-0.013310470807692308,0.9133702138461538,0.39291387,-152281.07692307694,163578.15384615384,-6978.923076923077,-4218.846153846154,-2638.0,5876.846153846154,135.72939326540057,1,0
39.0,86.5,-0.0028908402642857144,0.0007568129,0.9669956628571429,0.2533829885714286,-197138.2857142857,110746.57142857143,40.0,-0.42857142857142855,0.2857142857142857,-777.5,135.82459709315316,1,0
38.0,130.125,-0.00280691264,0.0009974978833333333,0.941580262,0.3290807753333333,-173991.2,136853.13333333333,40.266666666666666,1.3333333333333333,-0.4,-345.1333333333333,133.9722958097403,0,0
37.0,35.75,0.09072001307142859,0.05128274358214286,0.7543364542857143,0.5794105150000001,-55702.21428571428,165207.92857142858,6070.5,1838.5714285714287,6306.142857142857,-17600.64285714286,122.05570274639759,1,0
36.0,142.0,0.5774148178571429,-0.003398734999999999,0.376416435,0.6885069328571429,112820.71428571429,88025.78571428571,60633.71428571428,7912.928571428572,7015.5,-5324.642857142857,100.3689608229855,1,0
35.0,25.666666666666668,0.530708169375,0.3554242798125,-0.3518698596875,0.529316094375,62384.1875,96.1875,-24244.9375,-68.4375,27335.6875,-462.8125,57.719304084764914,0,0
34.0,129.55555555555554,0.06263955374375,0.7905509425,-0.402900110625,0.0373088713125,-11178.75,-34459.6875,-15309.1875,23125.3125,6489.25,-2494.4375,35.42183382020573,1,0
33.0,234.1818181818182,0.02654550392777778,-0.05541496277777777,0.6430161027777778,0.02479651416666666,11688.611111111111,-72304.94444444444,-16104.222222222223,22905.722222222223,-17812.0,12184.833333333334,45.61718773362199,1,0
32.0,155.2,0.0008950937366666668,0.011793513016666667,0.11374251816666668,0.9706364533333334,60480.75,17066.166666666668,2528.75,-2863.8333333333335,-2336.1666666666665,10357.916666666666,43.104784966015586,1,0
31.0,99.75,-0.0235560836,0.2613868578571429,0.041488459842857144,0.6379160735714285,135487.92857142858,44614.0,1603.5,-6790.071428571428,47177.642857142855,-1835.357142857143,86.0446670589274,1,0
30.0,97.91666666666667,0.0006030611864285715,-0.004041115228571429,-0.2541159279642857,0.9489102228571429,89690.0,-20521.85714285714,-1848.0714285714287,-57.357142857142854,1488.7142857142858,-7158.142857142857,59.188696257019004,0,0
29.0,132.72727272727272,0.0013510791823529412,0.002672804305882353,-0.44690744411764705,0.8894994382352941,-30818.529411764706,47246.94117647059,26.58823529411765,-2.5294117647058822,-0.23529411764705882,871.2941176470588,34.597404282130775,0,0
28.0,35.888888888888886,0.0010759247187499999,0.00275808973125,-0.368876350625,0.927576166875,-18308.3125,21257.875,26.25,-0.0625,-3.625,-1094.5,29.869528865852335,0,0
27.0,196.0,0.001326874690909091,0.0027015669,-0.4384615263636364,0.8983883899999999,15080.181818181818,-18778.454545454544,26.0,-1.2727272727272727,3.909090909090909,-2466.2727272727275,26.849151317015238,0,0
26.0,146.0,0.0017225585466666665,0.002407697653333333,-0.5770330653333333,0.8119574493333334,4843.4,-9262.0,27.8,-1.2,0.26666666666666666,1446.0666666666666,17.9461095205988,1,0
25.0,106.84,-0.0008425206573606742,0.12982255314780786,-0.22432306801011237,0.8603370291685393,33343.49438202247,-35568.606741573036,10601.269662921348,-2245.7078651685392,-6390.820224719101,2100.449438202247,60.13728994024398,1,0
24.0,132.5,0.13562610916666665,0.18522519414999997,-0.19986178799999998,0.5468843821666667,9621.833333333334,-66389.25,10265.333333333334,39858.083333333336,4492.583333333333,-8289.916666666666,42.017684153588924,0,0
23.0,220.25,0.09029103200000001,0.583599343125,0.498537975625,0.276916344375,9072.9375,-64169.8125,-26747.3125,29879.875,9920.25,29885.0625,43.161257585192814,1,0
22.0,226.8,0.0007759573,-0.0013528435613333334,0.06169660066666668,0.14843993866666666,13150.666666666666,-94932.0,-349.26666666666665,589.6,-1117.2666666666667,17720.066666666666,60.46273164121285,1,0
21.0,199.83333333333334,0.061263622186970575,-0.03564023228823529,0.0924063933117647,0.7335322470588235,125743.0,37008.64705882353,9849.29411764706,-22112.941176470587,5124.882352941177,16627.41176470588,85.25770613007356,1,0
20.0,115.5,0.31885513484615385,-0.17911643575384614,0.33338870915384616,0.7497939461538461,128377.07692307692,97965.53846153847,-10016.153846153846,-27162.923076923078,3929.6923076923076,1626.076923076923,97.60064568358595,1,0
19.0,190.875,-0.0013841803038461538,0.002634943130769231,0.4774357269230769,0.8721789838461539,85371.07692307692,126760.61538461539,50.07692307692308,16.384615384615383,12.923076923076923,8616.076923076924,93.56647386599388,0,0
18.0,111.375,-0.00223884056875,0.0019788787625,0.74071167,0.671105609375,-18135.4375,197786.25,41.0625,0.5,3.1875,412.1875,119.35891470815405,0,0
17.0,202.33333333333334,-0.00255645918125,0.001314644471875,0.860740400625,0.436083634625,-95861.5625,155107.0,52.9375,0.0625,3.125,14011.4375,123.91121258972899,0,0
16.0,128.0,-0.0010608481714285713,0.00010404248599999997,0.3502066778571429,0.029282971071428576,-66413.0,-102473.85714285714,54.0,0.35714285714285715,-0.42857142857142855,18852.0,92.59532803056025,1,0
15.0,87.25,-0.009420866225,-0.00676060815,0.06671672083333334,0.05154983083333334,-10260.416666666666,-158117.91666666666,7917.0,13668.25,-5803.333333333333,-5537.083333333333,97.63815741170036,1,0
14.0,0.0,0.4013227957142857,0.19086516210714286,0.5561190628571429,-0.4173819697142857,-57151.92857142857,-200563.35714285713,-12416.92857142857,31055.714285714286,-15150.142857142857,-4129.642857142857,125.5217645002673,1,0
13.0,179.8,-0.0004754164375,0.0002495093374999999,0.07576827687499998,0.09293107125,-33414.9375,-149709.0,135.375,-95.375,-87.8125,4371.0,95.8261901254456,1,0
12.0,196.5,-0.0119562679375,-0.0165246676625,-0.615763413125,0.783902479375,4150.875,-40534.4375,19579.0,-4700.5625,-1481.5,3422.875,37.59539584868753,1,0
11.0,137.0,0.1943895207142857,0.2525244621428571,0.024852001428571423,-0.07751254214285715,6292.785714285715,-7820.642857142857,51012.5,-8141.285714285715,-1136.4285714285713,-372.7142857142857,31.823615550678888,0,0
10.0,102.0,-0.2774140018181818,-0.04263989618181818,-0.09028565727272725,0.3305593845454546,15596.545454545454,-20397.363636363636,31452.81818181818,21391.272727272728,-9615.181818181818,-22548.0,28.850082199543262,0,0
9.0,95.875,-0.035296754285714285,0.4637224214285714,0.12137987857142855,0.4742836753571429,18556.0,-41679.0,-40896.357142857145,-6685.142857142857,-17158.285714285714,-49575.857142857145,37.77570722639939,1,0
8.0,129.22222222222223,0.11841686015384616,0.33157022131076924,0.8243560423076922,0.024249493230769234,3172.769230769231,-23236.76923076923,-53199.38461538462,-3203.923076923077,-11376.0,-16148.23076923077,40.094172904396586,1,0
7.0,94.75,-0.0028986241533333333,0.0006338885926666667,0.9767656586666666,0.20446483333333332,-107329.8,49773.066666666666,39.333333333333336,5.066666666666666,-3.466666666666667,-3864.6,71.48714448100121,0,0
6.0,99.0,0.13340484580769235,-0.1409642833923077,0.5733784515384616,0.25803430384615383,-140630.84615384616,162120.07692307694,8973.461538461539,-36201.692307692305,-12979.692307692309,-4479.384615384615,129.47834658126476,1,0
5.0,40.6,0.06470741731333333,-0.08897402564666666,0.7880178206666667,0.5589700613333334,-85723.4,196408.93333333332,-6841.2,-11574.266666666666,-2591.866666666667,-10984.0,134.3193511257522,1,0
4.0,202.5,-0.0018958560692307691,0.002303785607692308,0.6379510215384615,0.7687060761538462,39862.846153846156,205065.3076923077,39.76923076923077,-0.15384615384615385,-1.1538461538461537,3019.6153846153848,125.81422039062491,0,0
3.0,150.28571428571428,-0.0023595042,0.0017908926133333334,0.7942020433333333,0.5921479393333333,-44499.73333333333,192327.6,40.733333333333334,1.0666666666666667,-0.06666666666666667,12370.266666666666,121.01179102223124,1,0
2.0,223.8,-0.0026307339857142855,-0.001034644910357143,0.88659692,-0.3421350562142857,-97604.21428571429,-74070.35714285714,35.285714285714285,1.5714285714285714,-0.5714285714285714,21281.285714285714,93.87964508094599,1,0
1.0,2.5,-0.00243709931,-0.007709642046666666,0.8752805124999999,-0.3941866916666667,-55338.583333333336,-74024.0,-631.5,432.4166666666667,893.3333333333334,-18855.083333333332,65.44003507321439,0,0
0.0,82.35483870967742,0.21773239042238807,0.1244310947704627,0.375859476,0.396651720880597,14934.179104477613,15599.65671641791,-2273.4477611940297,-4571.7164179104475,1645.3880597014925,-10154.522388059702,55.958460702027985,1,0
